.env	422
.env.openrouter	402
.git/COMMIT_EDITMSG	39
.git/FETCH_HEAD	90
.git/HEAD	23
.git/ORIG_HEAD	41
.git/config	318
.git/description	73
.git/hooks/applypatch-msg.sample	478
.git/hooks/commit-msg.sample	896
.git/hooks/fsmonitor-watchman.sample	4726
.git/hooks/post-update.sample	189
.git/hooks/pre-applypatch.sample	424
.git/hooks/pre-commit.sample	1643
.git/hooks/pre-merge-commit.sample	416
.git/hooks/pre-push.sample	1374
.git/hooks/pre-rebase.sample	4898
.git/hooks/pre-receive.sample	544
.git/hooks/prepare-commit-msg.sample	1492
.git/hooks/push-to-checkout.sample	2783
.git/hooks/sendemail-validate.sample	2308
.git/hooks/update.sample	3650
.git/index	48730
.git/info/exclude	541
.git/logs/HEAD	51163
.git/logs/refs/heads/backup/before-secret-cleanup	162
.git/logs/refs/heads/exp/b78818f_run	161
.git/logs/refs/heads/master	43809
.git/logs/refs/heads/v2_fixes_20260604	159
.git/logs/refs/remotes/origin/master	8756
.git/logs/refs/remotes/origin/v2_fixes_20260604	148
.git/logs/refs/stash	244
.git/objects/00/1a4561ed9a88f0e434a193a7adcf7245e5630d	6054
.git/objects/00/5cd3e5b4d5742800b8a1c40e19cf8d0d4aa1ea	1458
.git/objects/00/86c9e1ed739ec1abd815ad2997c6cedc4323aa	12102
.git/objects/00/bb153cb06023e5c7f28931fa08357f60136ddd	2225
.git/objects/00/bed4df1abc995db4c35838c64b75c4a506ccc2	275
.git/objects/01/42e4126dfa5f7f001177c11c4b55f98a0dcf33	4123
.git/objects/01/4b987822342ba2098c3ba223ddb01cfaa9140e	276
.git/objects/01/576b435a47d223c05750a47706a6495760f886	56
.git/objects/01/57f55e8b11ae3a3d5953b284c6e6c2ed060720	2265
.git/objects/01/5c25a92792a4f4f9930b3468087b13df1f5c18	577
.git/objects/01/6c56c82a7d5c12f3d388b7225282b63993e42d	678
.git/objects/01/6db4ccc5133a679d4a069c77f5d668befd91b4	250
.git/objects/01/82dcba3c6e5447be8e3d58a25de6a2f09c8529	125
.git/objects/01/8c45e75e36e39d04a45f2cf195d8af09564078	2369
.git/objects/01/c75dbcdfdb5a0b09a6cd6d44fd9a73bf5b3256	107
.git/objects/02/336990f9eac7c4d10316667e2980e3c250c552	120
.git/objects/02/360ff2b02d9ab73d30f275ae86b2e6ad84006d	120
.git/objects/02/40e176cfa25a38aa10cca90253ea2668e3878c	218
.git/objects/02/55d1b78ead7595a0d923d6c7f93bdca45cf3c1	13872
.git/objects/02/72ce3551aa083d759253befd95947686e7d7cb	1752
.git/objects/02/c5cf160c9bf025e7a2c670f4a17569d53ab8b6	2330
.git/objects/02/c7ae7915ed77f2bd6c206983ed2b8414421553	1865
.git/objects/02/ccebcbc874dcd47faf6c5f8eb548b7dc8affc2	9296
.git/objects/02/d13c04c093fe2df548e8467368068b56039200	1970
.git/objects/02/df298c90f853c3216e8373916770c3ffd07ed2	1055
.git/objects/03/1ccfd4a45dcbfcf60e76c28a6dd723de7cbda1	978
.git/objects/03/35e02aecf93ef6c7b90439b519768737e5b3b9	3015
.git/objects/03/4536f24904773b57894dae54487e13d6f672bb	56
.git/objects/03/65f326c7ca999f210b56a9c71ad343517eb04c	1057
.git/objects/03/74a494651009a56893a8d06d12f9ce6383cf02	7857
.git/objects/03/b47b18c8f8052057916dc7c6e185491e9cd106	56
.git/objects/03/dbd00f0ad89ff99550ec2bed15479efa241b7d	35764
.git/objects/04/49e86e167d70e811a9bf17d95f7afb75b4f06d	580
.git/objects/04/4e3c318dcf0035f4398b0f16404da7fb40f7ee	478
.git/objects/04/82938d91bb30afc4f7fc7bc18206d9ebe998f7	420
.git/objects/04/f1ec3513c645dc5f2b8cdaeb1334227a2e9ef8	485
.git/objects/05/40a4ec7cdc30b448091d3dbb6b56d0d4f43481	56
.git/objects/05/480042f40b317da95a043c8135c40851087f10	391
.git/objects/05/9bc863e1bf5dcd95518f6d939718c0ca14cff2	56
.git/objects/05/cc9df318d1726c1b2d6f36eb88c09e904ea9db	1221
.git/objects/05/dca3b932b1240442cf6f523cf5d95c9161b806	55
.git/objects/05/dd216c356a288539b5a2248c718c4f58010d23	233
.git/objects/05/fce40bc0c0b8e2b71447c3a24be016b52d1b1c	11947
.git/objects/06/3032e89077dfda4ba2450ba81d00729264f355	2223
.git/objects/06/48b7df2513e1d58a5748dbfca0033dbaed7f1e	56
.git/objects/06/4995ca7f6bb9f7863876d6104cc900f7b1c1bf	249
.git/objects/06/4d018848ac4cb44550b29fa4f7911c791773b3	308
.git/objects/06/868de95b277bd89e6a2cb1f2ca89ead67306ff	977
.git/objects/06/a2368b80bdbb8d3176e3ac4135f8e4944ce835	2977
.git/objects/06/b15ff8a222eed8eba3b468fae3de0cd75bc1d5	184
.git/objects/06/e53434818772dc1c34780ddb4b11924dfc3f14	2264
.git/objects/06/f2dc88a46951c4ef0178f5db0524c3bbb10b74	6254
.git/objects/07/05622e354e7f7d0c8addaf577a5d2526ce7877	1056
.git/objects/07/0f09263598bc36540cbffad93f5d9e691e0d15	335
.git/objects/07/31b8250d9e48a9672479892b218bb51b6c26bf	420
.git/objects/07/4412efca2df5ffdced484f9e94043b258b2922	5754
.git/objects/07/6cfbf1afd77d3f681d73525928a328e48343f5	334
.git/objects/07/80b16c7ff872bb4245e31f5db6fa036a3a619b	55
.git/objects/07/a173f5bcdf19294f9fb4777f0dad55fb0ddf6b	610
.git/objects/07/c843a831ae54314cf4b8e2d74f72fd35e23795	1751
.git/objects/07/e11cf4e84b6a918d6144910f05f719f124a128	767
.git/objects/08/3e8a3943ec8da4273d23a4d18e0dcf86476273	432
.git/objects/08/59591bb533d1a410facc3888b3763222b7cc3b	1396
.git/objects/08/609e94fd28ab86120ac406c25e63778b531758	21047
.git/objects/08/c8413e298d15bbd684a0c422be2824fe6c2ca8	20357
.git/objects/08/cfc82ea59a8b5b21aac965864e4b2a37c77f94	1143
.git/objects/08/ea3d5b729d4a38fae81db4de27ad26f5bc655c	1056
.git/objects/09/02159f439055888a467a79d750c2a29a1fb73c	588
.git/objects/09/2d5bb1a236025fe24058b6f937383c6e5cfac2	1714
.git/objects/09/332c1affe7f417076b7e9e77cc264696909ee2	1709
.git/objects/09/3f0862427d276ce8d30c85186295a3b7de8df4	3988
.git/objects/09/673847d975438bdbd8bbd05fe785c04c1ea813	223
.git/objects/09/86cbc4ed3b189e1e0b8a76d09218922498689e	15163
.git/objects/09/afe94cd466355c94355fe29e5566b43d5d474d	262
.git/objects/09/ce2123cab5d74e28c5ed5f33dd75d70404d40d	594
.git/objects/09/e70207b3704bb2d076a0591965d612ec238659	550
.git/objects/0a/14b9d9480decf9848bd7cdce99d9732c3997fc	271
.git/objects/0a/1f323fa3bb6e37a62ab09650fd52ab1b30fbd8	20256
.git/objects/0a/216d82c7bf82efdb99af9afea699f709cecfcb	488
.git/objects/0a/51fa1a7b8925fbe1d8a9592d50c11c13f78402	432
.git/objects/0a/6567e6be203ab8a6be4da06598448d70ea2283	11739
.git/objects/0a/cc2d8540c3fe891b51a730c6d143c95a87beb0	6082
.git/objects/0a/d1a96e0d08cf06318d0df48cc3fe2a5cf79c40	4029
.git/objects/0a/d64435f39c494ff891c3ba8794f78707c41699	262
.git/objects/0a/f0110a74d72782367edb72bf63748eb92ed36f	181
.git/objects/0b/20802b03746fcfdadde2a155ddac12a6521eb8	583
.git/objects/0b/39f5d615fe3a8fb89e9f8c4e2f7fe25e3117d7	577
.git/objects/0b/5981418047e21cbf2cce29a062b0de1b753382	2171
.git/objects/0b/5ed644f916972c8c28b3299f57af6e9151476f	562
.git/objects/0c/0e2ef8eca37656e540dec57ddcfb349cb2f1c9	120
.git/objects/0c/36cdfd95e657d0f3312dde5a9d2a758fe59da9	1237
.git/objects/0c/3be320cb743dcda54b6aa62d5b5ffee0906d8f	56
.git/objects/0c/46da6dc26a8f1ddd0f4aaeccd9ca73f3ccc88f	11317
.git/objects/0c/4bcd0f1edebe4227216c894628f6fa28a08ba8	1084
.git/objects/0c/80844584ad2cb78f2996c420a0d3c6c8d306b0	1753
.git/objects/0c/85deea0d397d08bac2d78972bf6fccd893c6a0	883
.git/objects/0c/c489b5f6863ec0fbdc1993345d3d997f58fa69	3368
.git/objects/0d/031a790f7fb78ec9cd317c3523c7c5de36af23	16183
.git/objects/0d/5dd1ddc9ff4f9dd382a49d0a34296404e3e07d	22246
.git/objects/0d/5e4228d9b5a4d030877acb62accc5b570f155d	1053
.git/objects/0d/7183ddcb014ee6ae8ca9b44c7cefee8bbeea28	435
.git/objects/0d/800f2d961499acfa886a54de697c34e3b490b2	6384
.git/objects/0d/80d160230a3cc9ad30d10511feec897c26fa9e	9684
.git/objects/0d/9de099147d7a36e3f4e6614007e031e0ab194b	14314
.git/objects/0d/b55ae33cfff629074bed6e83a7e4c158c9144f	553
.git/objects/0d/f48682cd89f01d3fadc5cdaf6b6deec5ba734d	24830
.git/objects/0e/458cc0b41a446329ca50e30d0dc5edaebae4e5	182
.git/objects/0e/6161d36588a0e242ffe4178732c1a1faf400d3	1749
.git/objects/0e/65d3f15d2161f96ba98f81202060e0b311891d	590
.git/objects/0e/a2cdf1307c73677f2270b96c3a20a3f3f74d4a	1752
.git/objects/0e/a4c41f00e7ede8a0c25fee718b338ea808fc0e	11309
.git/objects/0e/a63210397c3926c805a44a92de7f3e1b5baa8c	184
.git/objects/0e/b8c284ba7072fb2728479dfb4f3a260dd6c223	11533
.git/objects/0e/c428c161d47837fae0bc23e64dd94b286a3a96	22759
.git/objects/0e/cf49e9819ded95e39cce8efc579ed957d9d833	1188
.git/objects/0e/ed947176acae7f7b7a94f5290bd8ca3680954a	263
.git/objects/0f/3a012162f23466ba973049ac1347f239fdc514	182
.git/objects/0f/52791fc6672ad3c968337743eb4bba9c292f21	445
.git/objects/0f/599f442580551167ef8e76f5ae5e483b1375ad	3325
.git/objects/0f/72f75e29ee20cb5db71a69fd5155b73731dd4f	21157
.git/objects/0f/8c8b78fbc26dec25536ae80772da7b6160e4cf	592
.git/objects/0f/9924520a4d475e068e7457d56fdc7bf23e882a	2223
.git/objects/0f/b338763bd6e673b7ee75314857345d5e68ae9d	767
.git/objects/0f/cb738bbc3c21410af26f330eb4c96db30c7d16	420
.git/objects/0f/f570ba263ff08bd29f69ff328d113d8241b9db	18674
.git/objects/10/5689dde9d4dd98f1c91a099b9c7c5c220ba1e4	182
.git/objects/10/638679f163b0716d7e00b633a754da482a9553	1058
.git/objects/10/6413315700f90fe6a796dbc5c73836b09ccf70	20462
.git/objects/10/8d66cd79bffcb5ebaca269717bcd2f4be67749	1749
.git/objects/11/396a30f12265ea3d379e1a6fb5e0414c941925	977
.git/objects/11/3fdbc5757fbf63c24a517f63e2c14ced7eefe7	77
.git/objects/11/488cd1c9fed335a1ae5a6923b2d0d74ba7fe1d	1713
.git/objects/11/837e871eeaffb7d97e2312b897118ed213003e	641
.git/objects/11/d8c75328de15e0503596cb677a1874a89d97b6	20147
.git/objects/11/e49a23b87aa02d5a6601f4aab4788050267f0b	48057
.git/objects/11/f858d9f72adca8565e66a743d7c656d3558ba2	2552
.git/objects/12/1f8ab3042aba00727a9982c42fca5e16c366eb	431
.git/objects/12/33de5993fb8b671f2a1ab8764a248efe4b40e7	56
.git/objects/12/6f2b690b9e6e3a00c6a0673bedb0c678ab16c6	12980
.git/objects/12/d2054db2a63aad6ee42a81de2c99c7b32790e8	883
.git/objects/12/f2126804377e8d491c46b90a52b154e87e459f	153
.git/objects/12/f79315ea08e1f7083613551b0c7abb2c9b0f00	1544
.git/objects/13/23e4d413712668abfac9fa070441e9fe480537	1053
.git/objects/13/7bb5580ca654252084ca5fc0ea634db312f8c2	593
.git/objects/13/881cbb667e686e6b9c5a43f7f97a1282bc28d3	56
.git/objects/13/8fb3806a7fbf8773c31665bfbe1086a55c73dd	977
.git/objects/13/92878af5a9179783374778081e923044c7437f	6458
.git/objects/13/a53b3e952722875f1ab51090081024898eb9d8	1676
.git/objects/13/aba95b779e01c5bfec591599224c0e4050fa01	4997
.git/objects/14/4ec2e9ac16da6d5de14b538fe99507355666c2	15359
.git/objects/14/7c55892a85a50e246e5219a26b839fc7eaaa98	423
.git/objects/14/b80fed71960450ff6b83f7b832c25c98c51d5c	1746
.git/objects/14/bef80f6538dff2a61fc9174622d79c647d73cb	2164
.git/objects/15/1b0e5c777222e825fe2122b7b002116a11e272	2055
.git/objects/15/3425e712bc8e0c8f30e5d219c03c81271ae315	413
.git/objects/15/630e50ff234b4c1a09a1b8d3b16a46f66262dd	7195
.git/objects/15/702c1fcb02fc1b4fab042b13003a5d08773009	593
.git/objects/15/7999d01ebce25841b7e33e166138163c7ab94b	3743
.git/objects/16/216a9b892ab03285fe463b6ae34844a49a1ed2	1319
.git/objects/16/b77d6e5a23ff742723732746140f4b205ee15a	1713
.git/objects/16/c2b031ebaf1ecf3ecc9b8e53f0442dc822be52	884
.git/objects/16/e6a326b98c60a2543239c89580057cc3741344	560
.git/objects/17/0956c5c52a1c4c75dac092c35b3636685fde84	48
.git/objects/17/129ca304f091e08b134dbb4038d00041daa724	56
.git/objects/17/283ba78e3af5947d1db70a248ed68508d049e6	1710
.git/objects/17/39d49c8c7d7b562f4c1d9b093e927e6a0c20b0	10570
.git/objects/17/407342ec1faaccb0c1a230e883254683416479	493
.git/objects/17/864ccf644039fc9583b3882592fde54d39258d	1873
.git/objects/17/8f68a4513fcf96d55dc4bbd107f0941976bc6f	2267
.git/objects/17/b7d4fc8a35f9c7c4c280882a2c9bb05a907acf	1753
.git/objects/17/bb12298837d62a0be75b3bfda0eec0377be639	1144
.git/objects/17/f97aa3ae87befe18e1949fc4a79a7997edaf23	1694
.git/objects/18/024efe323b98f717318683c1814ea5195cadb4	3818
.git/objects/18/3be23d20760c81ac57d7dc1c4b0f00c7caf9c1	417
.git/objects/18/987502b5dbcaeb61e56a51bfcc21b39c1e37ad	465
.git/objects/18/9de80a6df879b9bd2cdb5f4f8eaee2e089c6f3	5669
.git/objects/18/b5a8f93d5c1abf077531939e007543c0bdcb5d	881
.git/objects/18/cae5ca9a244079038dadc0c4352cff7180cf0a	56
.git/objects/18/dbe996544aa299db7a15acc92d9ebf734d696b	202
.git/objects/18/eb25fa01a83a0f20206490492414ba11da645d	1750
.git/objects/19/0636b6a5bb8be940ca268d72b9c531769ab8da	17268
.git/objects/19/29e143269f6fc573398bafdec3bb885fa69a57	420
.git/objects/19/b83bef540aba6066806f523cb789077a2d7d1d	12002
.git/objects/19/ee8e10b410cbea8d7d978ecbd0ca277beaae05	443
.git/objects/1a/0249215906e02d0d9daad3dfe98ea45328f10c	4162
.git/objects/1a/16e5807fda1508e3a2a187d13cda95c4160dad	2977
.git/objects/1a/3109c5e45a82e45e1f6d091223f7903bd5222b	338
.git/objects/1a/32ce04e980db3c23fd1eed1dda5315bc23ee05	1185
.git/objects/1a/7b5e8dbbcc04c84834e5eea7c2db8fee16d701	921
.git/objects/1a/bacc186a324a13af8a77a14c99e1533862e511	173
.git/objects/1a/c56d28205f6c7cb1a24fb3ce9564aa909bf43b	4713
.git/objects/1a/ccfd19e4ed86060383bce18f2c9385270a2ced	13587
.git/objects/1a/ea6b3b4daef5f5441ba78b2426fc18453027d1	222
.git/objects/1b/62be9cb2a157804a9ffb8f092c13ba0189d167	2075
.git/objects/1b/863af1052c90ea8b85583898beb129b69feedb	573
.git/objects/1b/89ddea942b6fe008ab91274a7ca5825b6b9bbd	131
.git/objects/1b/9fa6e1a5ae4e5e307639411f922b45dfda3c8f	11292
.git/objects/1b/a1839695c0653aa52ed623437b0d073bf36b30	21051
.git/objects/1b/c147805150162619f74153542d0a9b14c9d94c	806
.git/objects/1b/cfe322d6e7973badce7ec9d0997cfcfece334c	176
.git/objects/1b/ffda1c05ecbbbf5ad0d801370b675c9b100092	7460
.git/objects/1c/2b083f82f7a8d7f42c4ab4c05bf8bf5c4d3575	2960
.git/objects/1c/43a7dbf2110a89ee89346fcb0d1cb904f3c81a	420
.git/objects/1c/587a54d5613355974d8ac25ebb7d5d741c84e0	3889
.git/objects/1c/b9275922cb886b18653068c7232f4ffd198b9b	17603
.git/objects/1c/cccf78a23b4d32101fc3a0ea47916fe7a447ef	432
.git/objects/1c/f7f697e0135b82722af6d5c095143f5f55d386	1438
.git/objects/1c/fb00f76080704aee42736f4c3b16b5a1a091ac	1116
.git/objects/1d/12c39efd6d406dc0cdfa974da28779e45c8812	432
.git/objects/1d/1aeb13570a81262b5e6e3aeeecd2afb384c30e	1740
.git/objects/1d/6c18d496f08bc8436419e46fb8f02a7329f5c2	91
.git/objects/1d/7d789f1a908a5376d51c955d448a5184714822	142
.git/objects/1d/9ba6d59bb78412b699c62d0f65b7717ff7063c	885
.git/objects/1d/a7188dbd443b78499730728b268690c3d75f18	364
.git/objects/1d/eb694c5056969b6dfe3ffd7561a1c82fce75a8	914
.git/objects/1d/f06f9f90bdbe994f614313ebb290557bf4a0a0	12092535
.git/objects/1d/fb72f3f0a8b578eec1a099f81e144232fe1947	976
.git/objects/1e/12d2845fe3eb6e2d598f24ff268fca0ba7b767	120
.git/objects/1e/1a28b3f7ebf00ab3e11545de86a43963a5a832	38153
.git/objects/1e/39e55ec8b72a7820fcfbfe2cc6eab60e80f881	636
.git/objects/1e/44af0dc13a5e0659fc2f816e0cb6c4e7c56c83	56
.git/objects/1e/53ffc0cea9bd5b23632791ee6ec853bcfd1ee4	1585
.git/objects/1e/c2b789c7aa7ea0976c651831f81765c41b4f7c	269
.git/objects/1f/23fc8dabd6eef89813cbbe3dfcf0992d6efe67	9953
.git/objects/1f/5dcaceece6e14fe36e9fed3bcd6477832e09e2	9887
.git/objects/1f/64aa106c0608ac6d345a4bf0910ac0b41ff379	3627
.git/objects/1f/7c35b433a8c37a43cff7cb6914edc932677b35	179
.git/objects/1f/bec418ceebc6c745e3196ddca7a89eeb684461	119
.git/objects/1f/d6757b1f5974c607a9e9f93f0e7be782dc17f5	127
.git/objects/1f/dfdade08cfbf4acdea815417ba4eb6514b2fb5	26689
.git/objects/20/01d2d0cc900e3e7b194286382172efcb1a7dd5	47
.git/objects/20/1be724b5876ae3c8b5ff78c4731c0ba6817ac6	1239
.git/objects/20/2980a63158fddb76a0cd56019596bb6ccc6f67	15147
.git/objects/20/617122c40d9451c408970605f44682cd78f0d4	5059
.git/objects/20/86ed69af8cdbd18a37417e1c488f05adf6325c	382
.git/objects/20/a643917a7a92a8214b2eee129ebddb40bc1180	1207
.git/objects/20/c010b18f0f6fbddd1f4bfc9f81e65e597e8cc7	6236
.git/objects/21/216b6bb583f923d0f6eed5bd75ef4b161c7793	977
.git/objects/21/2182828439e8ec842513b3fc6cd931b9cbc6be	2140
.git/objects/21/244d5a73c10cb2935bc5efcdbd45e60e90ec09	37933
.git/objects/21/330dadc7c6b37c71529b6fedbc4775432c1e90	427
.git/objects/21/52220852b2541cb70a1aed89e16d55756f6062	977
.git/objects/21/5c0efa6a9baa9c95db9dcaed820b585ecbf330	611
.git/objects/21/64b6609c153cb7fce4e46512ca7f5a7c3fcba0	5210
.git/objects/21/6e811ccebee1aad0122ff49ecff3e88ff18175	56
.git/objects/21/ca62979c9fa6a11f439e9b668cbe81ca994ea5	1908
.git/objects/21/f144430e4d0a1f4427079d72a50de70929c3ba	15296
.git/objects/21/f4b68fc8bf4a2db6b5f3197ac7b4bab10fedc4	55
.git/objects/22/067e696dc4e8559b301c7414960219c8f89749	1424
.git/objects/22/2b94ace0eb53745b19e5fb2eae592c9df60476	5036
.git/objects/22/6012215c033644b69b945c4aeb07e794592928	4182
.git/objects/22/604e1ee45e20f170b70b73b00d69135bbdc38f	1789
.git/objects/22/7b353cb18b6564f1e548be17a9cfc50b67d769	4176
.git/objects/22/7d599daa949dee9d4e6961e1d75556012207d7	952
.git/objects/22/8717e33a063d7f5c27e6a09c2fe04dc037ac85	1053
.git/objects/22/d6d74dee55781efbcfd3550b7fe3a1d609c0bc	130
.git/objects/23/29c75b11b466ae1ff333bf282582264f24fa3b	593
.git/objects/23/31d441db6b65bcadec6d239fdc2f12fe0d104e	2982
.git/objects/23/4d8868b787495692e3ca0feda5de7629f48182	977
.git/objects/23/9ec59d76c58eb09ad6ac640a586ac6cd9c6799	978
.git/objects/23/ae839e690007c7566e63468c6b1dcbc5a6c329	42045
.git/objects/23/fff44ac444de8f5f2a25d84c824b126acb8892	15373
.git/objects/24/462400b5e48d4de86ab4db50eded1bcce95c4d	1714
.git/objects/24/4978c0410714bc47261ee118bb750ee9c89191	362
.git/objects/24/4c96f031fe16d725b44439be85c10f495d12e6	2224
.git/objects/24/c381a9f2b7f74b462320f4c6fbc2596eb4135c	183
.git/objects/24/ddf336da520268d8c26b2791097f81da29a421	420
.git/objects/25/254bf64a9172fde2706d9e35fcd42a1167b06f	420
.git/objects/25/8551fa4710b638426399ba3e218b653db0ae33	120
.git/objects/25/e323ea7c600a1df0234353bc48716bdc9bacb2	235
.git/objects/25/ecd4c57c18d528dd24d0af922352ad26eee1b5	1749
.git/objects/25/f6c3ccf3d30cad64ec186cc857ca6eaec5dfad	7686
.git/objects/26/1771454612b258e45e78b907b6c722b339dee9	118
.git/objects/26/3b20152b0d979fb81fb723537b96dba38906d8	10214
.git/objects/26/7725bb26a8ffc9c3c08d6f2d3f6655e115a194	182
.git/objects/26/8153338a94a5c79a939fc6e7c3571b110dbeac	431
.git/objects/26/960599f0a2d14040637e6fbf811996c51fca39	920
.git/objects/26/96e04162c32809d3df9f4fb7c5a96df4003415	277
.git/objects/26/ac09bfefc35e3273ebed84814871cb58132f53	1696
.git/objects/26/d64fa99674671bcea9a1c62db5f0ef70eb5492	7260
.git/objects/26/e42375097200ef385076b78f865d21d03eb9d6	6022
.git/objects/27/11165d2753bd9774f76c4058fa4cb7547b66e0	914
.git/objects/27/1cfeac3c2c583d58b5a9b34b5e07a3dc90aca0	6111
.git/objects/27/23d3ff5d94d38a6b8a752eacb9f69711fd879a	832
.git/objects/27/42d1ac63805d77676dccbc477ea55a737fa29a	18626
.git/objects/27/50da1e63efa10668e12d41c6238613c6c80e87	1666
.git/objects/27/5f9c20c78295c02e61b0d1cd32f9950d1088e8	1696
.git/objects/27/aab3882281409561232b8cf406172ca06c8ae0	1052
.git/objects/27/aac1ec2b51f37f5b07ecd2768c653b960c6791	5436
.git/objects/27/e54a1f207563b587761cc0d3eecebc6ccd50d5	21973
.git/objects/28/053970f0411044faced75157bb1096af19af46	384
.git/objects/28/49b759d8fc547f4544c7b569747ab8355d915a	1144
.git/objects/28/7d9bc595891f4448cca3108b74402a47b9cb60	332
.git/objects/28/972d14b1ce0718b35ae893e830ab82b073bc15	56
.git/objects/28/9c2143de8795b9b5e289cc2d2738cf0d465715	594
.git/objects/28/c81fcfafe0f6c44485d55fa4280162037fa9df	239
.git/objects/29/099775972532ef884ecb33b8dfa85f5bb97f37	10983
.git/objects/29/48e022caddcda15cec145c66875ec2262a5bcc	22219
.git/objects/29/7c5651e3317500cbd60dfb7e6b731cd7e19961	1054
.git/objects/29/a105a9dff004dcd73f514013dc69af4a472feb	542
.git/objects/29/a6bd3b41ecbdaeca8966f5c530ab1ed31f9ee7	3000
.git/objects/2a/0b76d3358703c7fdbe238221dc9a0af7af921f	1860
.git/objects/2a/505731ae83b1775247ad6e80cbae27d51f8871	2329
.git/objects/2a/6dd575dc497ef48b590fcc9de86d242cf06822	13671
.git/objects/2a/a36d84f4125554cfd88150e85f7bbca525545a	717
.git/objects/2a/b369e1a984c9ba972307bc44d1a7607f0ee335	420
.git/objects/2a/e1872f56e07633afeaa909119723b981f846b0	56
.git/objects/2a/eb3124aa9bb09b6e2779f9ac0bb779acd9e417	3977
.git/objects/2a/f744139f97df0559c5374403b387e8dd43e405	5591
.git/objects/2b/333aa4f6c8e26cd3a8a99c07288956b249ecc5	416
.git/objects/2b/54cb52acb37bdfe56eda139d2fa42880b2250f	10660
.git/objects/2b/7021c143eb8b1be72c7fdba73087304df7b414	562
.git/objects/2b/83310788ef499c6e7031e62c62d8e7b778c642	250
.git/objects/2b/8b1d63d496da836cf201312df1218346822782	11624
.git/objects/2b/b7a3b21b08e87d20bc61da493dd898ba3560d4	978
.git/objects/2b/ca76575bfcf5be09fd8b971965652c0b6eca64	1544
.git/objects/2c/8b94b3d02e3c12e832e853d6d445a61bcba444	56
.git/objects/2c/a3f5bd652be6b7ac1b4c971efbfd425a3ffd5b	2164
.git/objects/2c/b3ed990520f66b1b8da906646beea72bfe6c07	3464
.git/objects/2d/014a67bc07ff7b1bf674f42ab666a3d9f2e47a	46
.git/objects/2d/22f93ca24e279a97481b9c2a609f464ab97eea	184
.git/objects/2d/3248b6da058546a2d090786c9f746f49bdf5b5	5989
.git/objects/2d/5e28564ac8da58ffcacf1026303c61aa99eb70	2380
.git/objects/2d/64be8fd729606e8921817a6eaa4c1a90b5e0a9	420
.git/objects/2d/66f997edb4494793efae749292de54722e0d5b	1713
.git/objects/2d/7aa20f24167462a7fdc864067b367e231e62e8	1642
.git/objects/2d/dbee3f60f9c92fc4d9591ce0c4be9e6167455c	468
.git/objects/2d/e27685e65cbcd4e1f28817f5c65f2217d56cf7	13396
.git/objects/2d/e3352079c9d696999c89c8184c6f64c3bf6274	977
.git/objects/2d/e87c794ed2119a2bd0874d14cdd66cd8d6050e	337
.git/objects/2d/fe6b59b81134af452c6dac3808c445530fd2f1	3763993
.git/objects/2e/0f26524deba7af6cabdb95011923af92234370	2020
.git/objects/2e/327bd64b218bc6de9aafd98d99e41c164d2b24	56
.git/objects/2e/56b98f1e10d4174bf5ca9c3465a490ac69aac2	1057
.git/objects/2e/68f86ad75c616b21257d1fb47ac74aa1f1354d	717
.git/objects/2e/9c9db4595acd8886812dbc7b3381b7d01c5d91	1754
.git/objects/2e/a4b1462f57e1568d111800bee16ff2e2e314c8	1754
.git/objects/2e/afd5aab146895f9eb666c4997dbfc9c2143933	242
.git/objects/2f/31db81545fdff88fc6fb9134a084e8e9f55e45	120
.git/objects/2f/569555aa02f2ffd7693adb66884367eb501fac	1145
.git/objects/2f/734eaf7c96b3286f8b0314cb20ac19747eaa06	3830
.git/objects/2f/764da7a9c95c402832a41c634f6d41d6c54c94	432
.git/objects/2f/923857ebb31f3b1d95a35b0d063804a1bd163c	1061
.git/objects/2f/99e5e37927eb6b74316aef1a470eb8d46ed898	929
.git/objects/2f/ee7e76270a0aee510b732812305e9d85725797	119
.git/objects/30/086fcd8abee1c6cc43e335a7f1992fd6c94346	120
.git/objects/30/1b0ed771f06d3dfdbf7cb65418cdb33627a6f5	160
.git/objects/30/4968b146cba610460944e3cc67d9c0c1e77363	1802
.git/objects/30/6b5745c8bc9b90a105d5b33a523e626aa41240	964
.git/objects/30/6d38b5c4f37ec9695fbc6a8950fef4348bf7ab	419
.git/objects/30/9522cb212dd3851884b3c665bf142c13afec61	414
.git/objects/30/c8e3cb3acad4d0dcbad9fbc41e71667755e5bc	248
.git/objects/31/393b971b8d0345dbad92e911513698910c7966	120
.git/objects/31/42bc9374984e25e349a4543c43344d5777f768	263
.git/objects/31/4345d34c8a04a74baf6d607774e5e213313cc6	326
.git/objects/31/4abb4d0eb1c6ea61dc37416c699dcdb0c35098	14853
.git/objects/31/5db6f1adbf7ea3050d0bf20a35f481f884f525	498
.git/objects/31/6eff97aeca5b4383cb45b7793046832df39a57	561
.git/objects/31/7e830c0afa7481fcddaea4c478f426e9246218	1714
.git/objects/31/c48522c33d9edb479938f7b247572e630e1804	56
.git/objects/31/cde08b212f17ca040ed8c685992223ed8e9dad	1754
.git/objects/31/d4f1e08b617e13a33b969802d534cff01b9a60	22990
.git/objects/32/2dbab27da5129414808cae9a3cc32896e6b884	2289
.git/objects/32/307ab489b8ebef87b06ad7696cb4ca5bbcd10b	913
.git/objects/32/373e7b58cfd1b84320e110bd49769722baa6ea	1544
.git/objects/32/3a2e69019183204008df4a65e11cd98ced25e1	1709
.git/objects/32/44a75cac121a5954afbb527525058b02cd6c01	19210
.git/objects/32/4c6e1925c02c7419ddb9d4720d7f0d73dd6d94	1187
.git/objects/32/bcf513d9cd303c2257462aa9ea7075d17864cd	1612
.git/objects/32/ce7755ebe669cfcb16c52a1590aa0b2e7162df	13359
.git/objects/33/055a2e653482177cce39ea1b606d407e72981d	1525
.git/objects/33/3538ee9c156c7e1bcbbda283346250fe4ea892	1947
.git/objects/33/5b9dc8efe4715b5aee8a403d1e7f5ac0ac4206	28025
.git/objects/33/76ce6e18d08d0f1a029687182cb388ba389da1	3374
.git/objects/33/811910d41a9742138bf34d51b4e727663acd75	6552
.git/objects/33/c8761e2c45f9bf13ea105ed28f633cb68f2530	2756
.git/objects/33/d3d8559842f1bcae5792e050e79502f55e9f9e	1427
.git/objects/33/d6b80de44266be6d9f4428264ec362436c810f	51
.git/objects/34/01fa11121a16c378f307c12a8a7a4329a5218c	350960
.git/objects/34/64e7afb32abba3d7ccaac406b6c3f4dd81d0f0	120
.git/objects/34/8c5e2e58988ca08335eeb601595503f5e3abd3	250
.git/objects/34/abc3aad03a406c0b444e50a9b6818f49565b0a	270
.git/objects/34/c4c24293626c444431a11dee1f311536a3b929	348
.git/objects/34/cb70df03595a00185a1f966da6bedbfd2e7267	59
.git/objects/34/d33d65c7cd378d7ca676a186c9c5a97a952849	1145
.git/objects/34/e60886367581dd5d51c567cca25b94300e2ca0	2224
.git/objects/35/6a958799eea23f78153906f1534599f14ee51c	60346
.git/objects/35/ddf6d7683c1663abac19aef0cac92bd37d637b	219
.git/objects/35/fa9d69d2672ec30eca11d5e1b7ede2914c33d6	233
.git/objects/36/1f3a806985c226d0ce3d1220995463db9406ba	1555
.git/objects/36/3ff159d015220c8c07ab51edcd281f46e90d79	180
.git/objects/36/667a5fa35a2d76c5d50eb718bf138d43957cae	11598
.git/objects/36/d0e646214c910e27062cbc58a4303af881d2ab	594
.git/objects/36/e568deca87edddf9c3cfd0a4c1677843850b5f	120
.git/objects/36/fb721655e7156b612f3e8748a7762419228f08	2150
.git/objects/37/407f9faee2fcc21583cdf55b0265c517443193	2142
.git/objects/37/40e8d30d5d69192b1fdfbcd26eeee47593b88d	1123
.git/objects/37/6ec7d0bb48a3e2789e46ebcadfd44c3e35cce7	6353
.git/objects/37/9b6343eb00066920171631f7c4de54b2844fd0	1655
.git/objects/37/bc0fae5bc7b7aec0c380fe9d18d21e3c30b1f5	1968
.git/objects/37/bea998a892db9997c6d45591055c643d5a5d5f	261
.git/objects/37/c6dad7ecb6c94f40ec46daad66814bd51f8992	2284
.git/objects/37/d20a8d889c15233da4c9559445dd81a2dd699e	559
.git/objects/37/dd9bcf8bf1a51f13745fbd985b174e72f93985	5156
.git/objects/38/0585f6ac9956fb626dc76e3357793d36996db8	418
.git/objects/38/ce97d4b2fd150de6351c4aaa7dde2520da5fb3	1005
.git/objects/38/f30576390347ca3f0e0e9a45e95c71e776d22b	25833
.git/objects/39/03ffc257c8b7f50c7c7519caba6ceb295bd526	1054
.git/objects/39/41ae08613d1b202317732848c4cf7399093b3e	1752
.git/objects/39/4ecabb506905e51d5c266b7fffbcaba71da6e9	2669
.git/objects/39/6374027ca439b465e5d83a8388064998532349	8998
.git/objects/39/6ff3cc93171bd124732871dcae5e2327ea73fd	6453
.git/objects/39/8869b60261cb421a3d9dfad8ae62f7680602fe	24107
.git/objects/39/c2210ffbff575d62a6767bd74ad5f65106633d	1056
.git/objects/39/ed0cfe94e21a7c0573bc4f1c79096b17a21f54	978
.git/objects/3a/a6d8808685ffe82f521efcd248adcffe4c3ab9	384
.git/objects/3a/b2ea315dce191ddab3332d7ae278c0f2ffa49b	980
.git/objects/3a/cb6d63398ae5cd873880c8596508ee79c0eec9	883
.git/objects/3a/e3760c6106be4d7193c241d871ec9a47de968b	20805
.git/objects/3a/eac6960545e2ed3e52966d087912802865902b	883
.git/objects/3a/eec8e2f7bb3b8673a1130d1f19eac6ca045934	726
.git/objects/3a/f9122c761d4caf80dbd4a2bfab5648c7bcd46c	748
.git/objects/3b/13f9779e6dda6a44e292f07adf7e32a5adda19	2332
.git/objects/3b/58d3b2f9fef0cebac386cf381a39697f969eda	518
.git/objects/3b/681858bf810af4c370fb9e456f553353987d14	7781
.git/objects/3b/7806ed0ead013e6909a16e142fad7f09559f38	2661
.git/objects/3b/80cbc0544368bd723090f58e3f0abd5a06edec	2108
.git/objects/3b/81c4954a9325f421dcbee1fc1ac908b110a980	3571
.git/objects/3b/b60d7f38f313b5c66474cd8752d09eff3c594b	2820
.git/objects/3b/cbd4123702516a7a1f8faf33609db58132ce40	13856
.git/objects/3c/0625fa01b927a8fc96a89dc9cbc0ae95147f1a	56
.git/objects/3c/1b82bcce973d6514397da366c9dcbc752e66f8	119
.git/objects/3c/2649f436e130585d228308f4956a8389f159f2	64
.git/objects/3c/331017145710312f09a3222e83da2cf866fa2c	20499
.git/objects/3c/40b24119054fcac54e85f62db3d9d3daa355b0	19541
.git/objects/3c/4513f5a351b563121f64180da3ff51c3d9e7c2	7648
.git/objects/3c/45c65c26b51a87ef97fbf1186cb48e3a3248a9	11104
.git/objects/3c/4600c9a5816b0a2fa8567efc4f4f95066b333d	38305
.git/objects/3c/61a96c3f47fe78372e729a6f2f3fe8cef7d634	1059
.git/objects/3c/ce8b8f69ff8fc421f8f0ee4cf6ddd4b25b61c9	1349
.git/objects/3c/cfd7a4e485d11b8270360f8b6d5bb362a0d9a0	354
.git/objects/3c/e4e40350a3820671ec77be1b282268033e59f5	270
.git/objects/3c/f2bee79041d5b9342b75e2d1ac04ef8b0dcefb	1406
.git/objects/3c/ff1ac0eb3f65afe517ba07761f3f0e12fef4ab	1544
.git/objects/3d/0c49a152aeea8e1bf27ecd993ce3bcdd4e06e6	914
.git/objects/3d/1f465d09b90057fe2d78a8b0da375ad9969838	6133
.git/objects/3d/6eb22927cf60577ca6b2f65515254f03bd949d	131
.git/objects/3d/93426bb7cedaf0ec82752eecc72401ad50df35	1750
.git/objects/3e/0b9e5cd73afc12c6418e49582b0fec4ceb7d08	239
.git/objects/3e/21e4086145c711d2ae4bd9a0f7156c99a06669	11153
.git/objects/3e/39b5bd0056fb1cee6d195c13ea03f40e8ba9f5	2224
.git/objects/3e/8c5f365956759861c7fe08a713ffbd4baa0ec5	420
.git/objects/3e/caf4fe8f5052264b2a02f9db372b4852946f49	977
.git/objects/3e/ef8298b7880a2d31e6d35ba5714ac30eae60de	327
.git/objects/3e/fe127e598fd2b1cfc1a7bd2936c7157d75f423	684
.git/objects/3f/0e8bfce762526227e0bf8ceb3d5abe714ebf24	1665
.git/objects/3f/0ffb63e767e3dd2263c71fa281e3dd4f34a4db	717
.git/objects/3f/27cd9b9db9242253ba364e46a985c9ff8219f0	2376
.git/objects/3f/55cf47f2cb46efa0922f51843438ce04789a54	234
.git/objects/3f/6045a492627b8ac942c767613225466cf08dad	864
.git/objects/3f/c03e860df545876bbbff8112ce8fcabf3af4f5	251
.git/objects/3f/d5c9f2b4215096a59aee25a280aaf6d06e9fc4	1570
.git/objects/3f/fd19d2ca03ff2427665ff866716fa3fb61e0ad	113
.git/objects/40/168c01afb08dd5fa0d795cf4a2c421a9ba3584	364
.git/objects/40/491ea1b83beb166cffcef2cbcbb89268944081	10108
.git/objects/40/74cc2d49848eb2888328baae2901275e523a07	316
.git/objects/40/8b18c1ecba57f8846a2e43dc55d58dbdf2a785	21317
.git/objects/40/9e48d2c13dc9e88061488a426cb7048f963da4	296
.git/objects/40/a3d9c00a171ba4f8775ec28aa82c5625397c8a	59
.git/objects/41/4cb653608086f6ed09b48c66410f0225201b2a	977
.git/objects/41/5c7a8d2a8417953c1bcbc53d7d95c1d5a39454	177
.git/objects/41/7079932d34677ccb3784182274cfc74edeb242	977
.git/objects/41/f5d4437c4b21be35978debc461404dae486e93	3171
.git/objects/42/78e0295efe14fc4a6cb4925e2e4ac9e3b8e28b	10962
.git/objects/42/8875ab8cfba469143a324c2dd333b199c4df2e	1544
.git/objects/42/8f855c5f5bda9b35a7a720c4a8a7b784bf68f6	667
.git/objects/42/921d2f5a31f75358a6bc7bf9a74461b4168145	3414
.git/objects/42/ba662f48b8a427d91fcebf33aa4ce386616f62	9571
.git/objects/42/f1ea4f87ab9390d382659baf99cf47b62f65d0	90884
.git/objects/43/031027a4f628e265fec370ebdf71c5cd328d3f	1055
.git/objects/43/34ea6d6e8cbc8d6de7fd246ef2110a777f1b83	420
.git/objects/43/40ed6a23e48109f3c22f0c5f40580e5a5b6b8e	127
.git/objects/43/65ac83d86461cd6c5809f0069dd85b43c4fa1d	56
.git/objects/43/7198980144637dbca6eb05e3c49acbc6225f77	56
.git/objects/43/79f54d984c4e90e5b150735d7bc01352fb9941	1862
.git/objects/43/eb6ee0f92f0308e4c95a6cc3e7f46f10edb464	681
.git/objects/43/faf6970e9a53eddae5ab5c4494d65e2e6be563	14276
.git/objects/44/01238203626aff7d75774e5e5025f884a0fdca	2223
.git/objects/44/4009fb1ba54f5899880fc3cefb0a8b8f1107ef	22308
.git/objects/44/59e1b8520ab6ade97a29625e6a40482406fd98	182
.git/objects/44/6fcd1087cdd9440d9ceec2c57e80a078107910	22255
.git/objects/44/a5f30f61cb64d297c29352654f85f580214bea	5873
.git/objects/44/ccf085e48851f4c2ebf948a77c1a556d988476	56
.git/objects/45/25546ac34ae33be5c1993c9548240a33b36126	10338
.git/objects/45/2a091bdbd01bf3c03cad082de8999b7b74f258	10978
.git/objects/45/3d622ac8e24616059cb0316ae31817236149c5	6340
.git/objects/45/45f3ced5b4f826ed2e310ec5b37dca9c8b436c	1086
.git/objects/45/5554774b9e1888dbf910a1e70aa85a3169376e	183
.git/objects/45/6166996b2aa57465f6aca7019ca48a567551a7	17184
.git/objects/45/846c77c382cd382cfe6827bc7d8f5d432d6dea	56
.git/objects/45/9434618adde4ebc49626e89a23eff6618cc91f	8662
.git/objects/45/9c0474a376d2de7e1aec0d95888784ea0ae2e0	594
.git/objects/45/a04b4a9338ead907081dc4781bf4b25032af66	258
.git/objects/45/c636e2503c9b4ce048b6f8e4f6b65cee134870	8318
.git/objects/45/d34bac683d95d1a6752b2e5447a3517be31df8	127
.git/objects/45/df5c506e43c03f79a5248c79b263d129333f3f	87130
.git/objects/45/e579a8cab5908cff358df5ff4ff1ff37c82171	634
.git/objects/45/e95329e08f50c86648c457ed2a559afd984f72	11086
.git/objects/45/ed25647de56418868e7a1ebab5380fe3df9a10	252
.git/objects/46/19cc73ba73a17bb780422559955b68c4e933c0	1057
.git/objects/46/244799a60680e47c1ccf6093dd0a5f02324a56	1750
.git/objects/46/4b8e407a9a4769540f5b8807ce7f6b6249ff0d	1294
.git/objects/46/7af14d6bd524447268f5bffb412a97b77076ce	1084
.git/objects/46/936682ddccc26adafa3fd845beb62bb02651fb	56
.git/objects/46/b836a8c06d627dca9b0632f097f65bc835e00c	977
.git/objects/46/b907ade782f040585739868c6865301346d4e5	3144
.git/objects/46/f835ff89f2f9b8a1a5048c600e2519656fbf62	10623
.git/objects/47/1b34eca2a6cc260f802d1e63ec7f90cb776edb	1144
.git/objects/47/1d3da54c53ef01d08881aae5ab7dd1acf0903c	4601
.git/objects/47/2a8ea83b1594f450346aea9378d22a63461801	1750
.git/objects/47/327872381d43298dfaddc4850c901f5762997c	1749
.git/objects/47/3312519bbaca523a9189b26cf1702e6bd3e651	977
.git/objects/47/3a73400c94289d8d8927af8dd2ec070a22efe9	1750
.git/objects/47/4e20653cf2c5621044ca74219362d252ccf118	246
.git/objects/47/615b7cb47b7c7a0646282f1fb1c4b9690af1d2	2175
.git/objects/47/73fa3f91df84d03d8b162e816511f7e01c0def	234
.git/objects/47/93e209a3e88e4b26f3a21d316dd9456677a50e	234
.git/objects/47/e4492fb2d57fc6c483bf4b1c1ee07dd07fbf0b	885
.git/objects/48/065f3996959fa435bdbfe6454faeac9569c3d9	1843
.git/objects/48/1177e49249f74d5eadac0558362c1f0ff71d83	4226
.git/objects/48/28e1432361395051b8bb3cd154985654002bcb	464
.git/objects/48/5ec965306f7bb7f02c4326edc72b3a2b3d8189	20837
.git/objects/48/970eff38a16e569728afbdfcdfac29cdb87178	2969
.git/objects/48/a5ed0603a152c6ca8c89e655269e1bc618935b	4323
.git/objects/48/a794c366970571038da994f64c4fe33b5f8c6e	976
.git/objects/49/08c405a7e92bd4a6324a42d7ef2d2196c06faf	1752
.git/objects/49/20b950960932e1eadd30d6e0df5e4cd107235d	244
.git/objects/49/2f7a805b98232ee2ef8e2dfc8f6336d1dd3fa2	14874
.git/objects/49/4e6e27b85e659c6a20ee71c8a81937bc832288	1998
.git/objects/49/a98552fb54de36784793376994c768ab5531ea	6998
.git/objects/49/cb7b02bdc0289dc2c6f320d559f7e15a36a5cd	68659
.git/objects/49/edf7a2033f3aac998e493832f1034899b7387f	420
.git/objects/49/f1a3d08bfff8634caadbf56dd947bc6c448922	1750
.git/objects/49/fc63048b22f2a856ccc7f1f02e90c214ec1cf0	977
.git/objects/4a/531f50750df79e66772ef906c36901d19c60a1	668
.git/objects/4a/69965a5b14b4c3c112f3ea1e8c4d99a23f659d	1750
.git/objects/4a/6c15804eed6e556fe990ba8354ddb15a92fa1a	583
.git/objects/4a/88e24ef939b7a10e54b13f20230ec2d2d6f038	1712
.git/objects/4a/a2b12ade915a3af632e9d1455e6f3b31cb2a00	180
.git/objects/4a/d69368bf6f7543331eab8c50c0fc70b9a4993d	363
.git/objects/4b/132513a14b175f5ed23fa24085c7f4c6cc6046	12057
.git/objects/4b/620b13c4eab96b7e9b92caf7a9f0faee1531a8	2266
.git/objects/4b/7468221d7c095bece8f10847a13626063cc2ed	976
.git/objects/4b/a6bbccf6a5c934981fc5a54f93fc443c7d1537	2264
.git/objects/4b/ddff9326c3cb55f6fa49d627505519f9e5d813	16877
.git/objects/4b/f0d8b023aa4d2b831dcbe52014cd2afecf0e9d	16020
.git/objects/4b/f6603b2f0d96013b864a05c2f1a6827de61d07	5501
.git/objects/4b/fc4201b762fb604fb98d7e5fc3639364128942	16030
.git/objects/4c/0dea4aa8edde01f6f7365e4172822f6960ab62	182
.git/objects/4c/1426757d732bfa5fee2e6d7b38eb2c3f84300e	192
.git/objects/4c/5636ab6c28f4b4fea15bd9c9719053524a73d8	1876
.git/objects/4c/624ae12abf6fb265e804e7f7141614443c73ac	56
.git/objects/4c/a209449d0b083d0fe90338d5895cc698000183	432
.git/objects/4c/e5a55411070b274f9987127f4ce9450f2c2c3a	233
.git/objects/4d/28f93a09c8c4f0995a9cc8a346c455cc72f11e	3423
.git/objects/4d/46f73fbd5a8ff3f0807bb3610eda9d33c9be80	728
.git/objects/4d/9abe3f4b526486ea3c91589049a80f2423ae15	1053
.git/objects/4d/b2fbbb3d4f6fc72e7f325f4dccf2a68b1c7621	197
.git/objects/4d/bb6bcc0c4dff050baac557d7d8eb064029c0d1	3711
.git/objects/4d/be9174af6d0e6a07f3640e7dcad2cbf338a8f4	6118
.git/objects/4d/c491ec5e1cd0ccb73bd1728df857392e8cbb08	252
.git/objects/4d/cb9680bc3e51cd91a7576cfc32860119ccbb97	2180
.git/objects/4d/ccc4e467f5ecdaf216ebaaadc16d18574cda48	2174
.git/objects/4d/d7584ff8ee631b5c0fbf0a61d6097d1a039d1e	120
.git/objects/4e/02ea65b2038eb69a8a3d2dd930e05857fbaeab	2223
.git/objects/4e/589e017a67d1c09dd6c79eab7c4317286e6391	1213
.git/objects/4e/b7938afb4e3c1c8bb9739bf5ca31e34c30fc36	252
.git/objects/4e/ccb8415dd2de9fecdc1343e30dd1760f40d9da	2301
.git/objects/4e/eafec3a1f762f15c3418c1440ca2abe96981c1	1877
.git/objects/4e/fb4c95b09009db079a4a42557d63dcf2584a5c	26839
.git/objects/4f/2395f46761736d8cd80686109d4df35555b5be	885
.git/objects/4f/786e92e05639be18f45c3742ae8d6d5c23ceb0	173
.git/objects/4f/8f4a0d292256d8f9e35fccbe0f64758b653204	2462
.git/objects/4f/db1a8577a7df9cc0e49a011be0ff319ee0b0f6	56
.git/objects/4f/f69d02c58de25577063e6bb4a2beeef03ef733	3255
.git/objects/50/0801838e3d805b68cb787f9b9189fb0d489538	977
.git/objects/50/11c863ffc46ba2a12948e0e1a10a0cdd706f80	4142
.git/objects/50/1c7c06dfd4b09a7a33c4def2b2c2aa9f0429e0	9231
.git/objects/50/5441ddef6211d71fd06bb76f6fc0d39e3b0295	2376
.git/objects/50/806f1c2e3b8f06807b8218b6223fcdc5cce25b	361
.git/objects/50/9a08e4d9c99a5d95407b8e1218a472acc2e8ee	420
.git/objects/51/01d6cb2223766c00d4505f83e5da3bf9a8cab1	884
.git/objects/51/05c3dc6030d9e7deda0589b6b40af4930927fb	1545
.git/objects/51/30e47e26138f5282e9a15b350a14feff81e13c	47
.git/objects/51/b6b227630e5c00d00842b73d1d2dc4f362f0de	2338
.git/objects/51/b866f660ca0582f265ba2455709b83baf180ed	596
.git/objects/51/da2935a85d3c9aa8da71d752b76a57550f5622	1144
.git/objects/52/223976986858c4b4a908ae6dd9a8a66a4d54eb	947
.git/objects/52/40c64fa9dd41a904a6a2362666ffec406751fc	13714
.git/objects/52/59a9aa365653886407036b2f5ab528c5a5c405	309
.git/objects/52/7b07c5305c43b5c8722be5238288b27df5918b	354
.git/objects/52/8ac1a0b0a437832e8da5187d489b160690dd09	247
.git/objects/52/c7997d7cd9d7f4b1b5bb70a3dd7cdb826cb9aa	1626
.git/objects/52/db3de21eac9b2dec8adc6ab774c781e6ca9b96	420
.git/objects/52/e8f56c9756cb84b92edbeaf1df910b2ff0531e	275
.git/objects/53/2756645444faf94ca56d85448f2a828abd2788	56
.git/objects/53/439004634f20f3d4f4f488959a87b2e13d636d	56
.git/objects/53/49b75130f44399c7706827e75129f7c48166a2	1703
.git/objects/53/60a7dac4ffed958256c8173f894f5c25330838	1695
.git/objects/53/7608d38ad596fe42a4dad5a1878528df023dbc	2269
.git/objects/53/b09c6ac405ec8eff90a95a1a2a48529f173e3a	7189
.git/objects/54/55a49fceb8f396765ac66e3e442d0f581a1763	430
.git/objects/54/89181a37fe71620a4ec3d8e3b1a5567b7331de	19870
.git/objects/54/a59f142b3060a8e232d493c54ec1adae045400	56
.git/objects/54/aecabe7eb43d38ec512d2dd8e3852715a160c2	3261
.git/objects/54/e3a017026184de5513f588e1f1a63d98ffe177	542
.git/objects/55/0c160e33c91e92aa0072953ba1beec8684ffb1	3476
.git/objects/55/0c7b4fe83bdb71ebdec992010395ff7e0759e2	8344
.git/objects/55/1bccae82d4b578866289ed6ff210d52256d639	977
.git/objects/55/2808e41fc01cf8c2f8ec777e0918a8d38e5752	20261
.git/objects/55/59623304e6063d24cc1481ae8f12b2e1352292	978
.git/objects/55/5d747f421f34347046f6eb25099db17278a8a4	1319
.git/objects/55/6c9286d3e8cc05db44d4621580424051c38a37	1056
.git/objects/55/c00fe710857f6e017cc63790f58f8e3a7968db	3933
.git/objects/55/fd22f9aa61aa8d71b46a512edf4927af809aee	356
.git/objects/56/155bf02e49e58c29549be3a509b97ad4737cd3	1751
.git/objects/56/1cda3559f38b75be1383c5c2c7b4abc15c2110	6342
.git/objects/56/2eff87482c7b48f496e629a949c2cfff8be281	34630
.git/objects/56/3fe9e3fdaedf8b381df43c82394b742e68bf0c	309
.git/objects/56/4c1e17c3242996a66f389db44b31c3fa7ced20	176
.git/objects/56/6a051a74c201a72fd4acadf28504bd7d645365	199
.git/objects/56/cafae549f53406a8ad60aba10cdf4c5637321c	84929
.git/objects/56/d9565bcbc73181956f5b04fc27a8dd126b9c9e	15540
.git/objects/56/e72ab5f1db004e9507633f73e5f18c6fb2d4e4	1592
.git/objects/56/f3d2dc1d9143d4ad088248bdc89d4cc1b92a5d	26110
.git/objects/56/fbb88e1efb8780c2f4b0b62a5fdb7915e8194d	1189
.git/objects/57/431169958ac9321e29e2b5fc56def855c8d501	120
.git/objects/57/5bc8fb745ea53c0fc1ab528f12ef02cbcf3940	1956
.git/objects/57/96d8c969c334603d8828087dc7a65c245c5e14	180
.git/objects/57/adef0824ea9b17de183d2646ead84baac98e70	720
.git/objects/57/c9258d4af98029858d9290d75586295206b254	540
.git/objects/58/1bfa434d86c67352f2523b1024376788a67b50	883
.git/objects/58/2eac49d0defda793dbbbef640c136b4d7df7d1	1121
.git/objects/58/68541f9576044dfed2ace62a1d4fd14b158a30	342
.git/objects/58/69fc98786f57cbc051c9177ce1fb21d9e9847f	420
.git/objects/58/7c45c68d3fdca892b5c555861599ea300bb1d2	432
.git/objects/58/95e7d0ae6c4de42a380c013c025cab2db876d2	11308
.git/objects/58/9a7056a444d088b50b363e9232af44375a4199	13206
.git/objects/58/c3492e538672096572b8a0557dc5ceb3e2f1cf	15160
.git/objects/58/ec32018c5b53eb60cc497947f03d7fc3ba8bc1	572
.git/objects/59/2e0953dcb0273e4cceba6028788a51030b316d	1223
.git/objects/59/32c4d8b2312e42713753d2eb51ae2a9e919e8d	420
.git/objects/59/33fd01d17a029ac73e8ba424cb96e2b95194b3	1783
.git/objects/59/362672bf1bf4b2a891c7cf73421946b56c3979	884
.git/objects/59/5d31b84e3fd4786ac10453a5975a664b573d2f	608
.git/objects/59/6719f2f66020ba4e2cbe6afca63840578a5c7f	2810
.git/objects/59/793edd48d531aaeba98a43152e432bfd367a27	194
.git/objects/59/a31db2814d2d737bfc63056232b78ef0d2e383	13015
.git/objects/59/a3dec9e4ea71e379b5eddd510f8a45f723da34	1544
.git/objects/59/c271a2975a54c6412317415459d115196ec47a	5416
.git/objects/59/e3e7bacdda77570256b7270bd988e04fdaf4c0	2435
.git/objects/59/fcdd09682bd71eaa7914c104f42aae14a6f0a9	269
.git/objects/5a/07943ce63819690a336d092cbde812d1180d96	976
.git/objects/5a/1434c1bf1cdff7ce47c7b13b80b01afee5bff9	56
.git/objects/5a/258dab2514bf909d7617fa1b5f0d273fc1d15a	1710
.git/objects/5a/828fb3e8eb96a81828f5e40b61f7cfd345caf7	224
.git/objects/5a/c8b6be41f4c1ab4f5849c45bde9a52403c79f8	56
.git/objects/5a/ce5119bd80c4ea9df56ffdbac2db0275dd5043	321
.git/objects/5a/f16d1528fcdcb2ef42e88d19e5848f5ba51a18	1750
.git/objects/5a/f4c54912dea180e07a5aca2f358f0eb7204ba9	186
.git/objects/5b/10a0ac5651e45668edce51f112be58d2e3124d	2079
.git/objects/5b/314d60fb28c35a8ec75fa302fdb19293438d7c	14850
.git/objects/5b/4db8ce132378b57c1c0f926cf381b85b90423f	3981
.git/objects/5b/b27701298473d8a4b0ab2d2a21008e5b48fd0a	15227
.git/objects/5b/ba3113e7718a881a05ff74a60ea48230ccc6fc	12380
.git/objects/5b/eb0d788ff5daf5de98c2c49e9dc3b5a4c35d4d	2893
.git/objects/5c/202559835397d4bd0e3368651e8c226ba4b243	21525
.git/objects/5c/21a45e9b093f8061e2f703cec0778f6b08ec58	56
.git/objects/5c/36dc8378acadffa8a649562547fb3e6487cf74	3873
.git/objects/5c/49d3b15ba94a072551c5ab03f19bb848d65e7e	69
.git/objects/5c/5a5e8bb4b211d77a05279e5c26b0cf4e8f7625	3327
.git/objects/5c/8871813a494d82e7ad0e1e098b3f53126f5b1b	168
.git/objects/5c/dffa4239f2ca79260cd7bbd781f61925c26571	416
.git/objects/5c/e3aea31786828487f17ebdc62a3e462a444752	1671
.git/objects/5d/126987d8c0d56ca8ddbab68a0ebd8336ae3ffd	185
.git/objects/5d/322b0bda6acdcd684bacc4c71af4041ef96e8a	1148
.git/objects/5d/91df001d0586dafd84e1287977f7f5b5b327b9	3896
.git/objects/5d/bdf417dc4caefedca8e0cf42b46910617fbf17	2255
.git/objects/5d/c071b23c579bb57620a308ba952068ec5f1133	14479
.git/objects/5d/ec261425bbe8b9eab7d3f2cf65050cf28d351b	6376
.git/objects/5e/0ea5aef441729931bdce1b5ed7f8dedfc637e4	199
.git/objects/5e/2f10f44f2df3f351ecb249efc4bf955dae8d24	1447
.git/objects/5e/3d181fa7cd92684e9241d1573efee8069d69b9	636
.git/objects/5e/abdbaba16f8c1efbd34465d9e93d5c502faac8	3444
.git/objects/5e/ae57205b77d7b00b38c36cd1b5a0dcaf949351	1055
.git/objects/5e/d70a9fdfc286bf19d1eebf63faf2697460641f	6945
.git/objects/5f/6610b8dbc5d42be18e26bc08dd79f4fa6f0d22	234
.git/objects/5f/744cf49f730f6f5b391f3f3715c3d444a902e0	2047
.git/objects/5f/b49d6ea0083fb564f78031b125bcff13b4ebec	10092
.git/objects/5f/d0c6622790a5ad045540d1e7bfe23b6a48567d	2476
.git/objects/5f/d68ad2da241e6df63987b7aac45e8ff894ab84	1293
.git/objects/5f/f49d0b2ba414fc69ea18f547f31dc1d12a0c4d	883
.git/objects/60/2bb48d2aa6e2931b5ce78ae1e65c50f93c8a3c	496
.git/objects/60/4ae09cf51068df3d7dea3950232984a3ed11a0	90883
.git/objects/60/4d8353dd44f3cc827c598cfafd06882a865d64	1751
.git/objects/60/6d65b2a78a5962e4defe04fc7db2a6e79cbd97	174
.git/objects/60/a3a90389f77d294e0aac410ca9ec394978ecac	279
.git/objects/60/be2f1edb5154edfb0277fcea446a8ce4a1f3e7	186
.git/objects/60/ef9a681dd8fa5c9d48bc1236f43e80660e45a5	250
.git/objects/60/f7765b5881655c690772dd1fd648bf21e3de27	56
.git/objects/61/03485f6a4121058708c7a6e947f58aba72f389	6548
.git/objects/61/32a33b347f31ee7ada2c4030e7a8e23a57fedf	15166
.git/objects/61/5f85a81e71c3166c4a05742cdde3cb66c220e5	56
.git/objects/61/9765b5bdb733b372306d0a284bc935a0a67acf	1937
.git/objects/61/fa4814dfd3f93188c2a04afc28e5673795d3bc	8959
.git/objects/62/3e694ee70969ccff90eefcdae5fe8f7c64eff6	249
.git/objects/62/3fd38d98fa5367084f464f04f16aa0052b76aa	1999
.git/objects/62/7cf9ca311fc7fbc37552c40d841df0dd49ad07	70
.git/objects/62/7f5cd82c6286fa90f207f967480afba3b1b023	14097
.git/objects/62/a914f57516ae5940ad9c7ff3e9f98aa0e6aadc	3384
.git/objects/62/edb5f57b61bd2586e10a75280c8018236240a2	1638
.git/objects/63/01fcffd7f4e36348c63c2633a6169dff37fb5d	1543
.git/objects/63/2004aefd78914f934e3fac97b962e664ddbe95	6719
.git/objects/63/27f4039e5758fb2086251f117afb76e8494c83	181
.git/objects/63/2a0f6af2e8d6316561201893d675b2c1be15b7	337
.git/objects/63/2c66cc20a95241dff748f5dddcb905145a792f	1751
.git/objects/63/3105fd1e13c593863305e0077933cce071287f	238
.git/objects/63/5f901c1319ca73ea8a1c54bf5b5c8a71c52f9d	6534
.git/objects/63/63b1810247bee2652e9eda6f86b93ee717a8a3	2367
.git/objects/63/d35713a3bdf44dbcf424a2a9b097912a7a14a5	350
.git/objects/63/e8ca2aeec959dd828dfeb36c7ad9aed38ba24b	120
.git/objects/64/003a8fd05379365a28121ee28615a1baf88c97	6038
.git/objects/64/240d9a64e98e42ef2629a1c7050c93b9e638ed	383
.git/objects/64/24cffb7d99fa670351c37fc3113fef74f3d30d	2735
.git/objects/64/28171f52edbf22a1d6a6075e2d73b270b71828	1751
.git/objects/64/8ca2c5e09d63704df5f4b0fe47424242d30277	1248
.git/objects/64/90166afc333790c6b85cd3fb2d727386ec14a8	598597
.git/objects/64/ee298df42a1e3ad2746d80660eb8b635255ab6	947
.git/objects/65/4315e0f249b6110ad806772ae0519ac40910bb	251
.git/objects/65/499de0430c1adef84b344a81c47f5dd1e016bf	6132
.git/objects/65/a017afe50dc10d6f393c9cd3f0d4cf3ac339e9	909
.git/objects/65/cd49103b9b87e3541446b3f23ff2a0120a1dba	56
.git/objects/66/25ef200e349471305689556e1877a3b5f84f32	541
.git/objects/66/398d3f1013e6559a90cb2c090c8230275009ce	2572
.git/objects/66/8afef8db6a5d0471e1270b4ae7fdf424c356ea	1638
.git/objects/66/8b780158f8665d204accd69a85b0ac33105f28	451
.git/objects/66/f8c80ef8f2a7eba8d500ce567bce1302f4e259	2339
.git/objects/67/24e1252c9ac87fcefb32ed477e8b42d6e90d0f	1053
.git/objects/67/266505ec264c4418f4dbe37ef2dec27f5289b5	2773
.git/objects/67/29ae28362ced5119452e696be67a1afe34c196	1545
.git/objects/67/93eb7dbf8f66376fba310efc3131a930510a2c	420
.git/objects/67/9a7a7c82ed17ec6d3503ccec22a65588255c1f	767
.git/objects/67/a587f81afa8cbec20a9986afd668ec69ed22d2	15897
.git/objects/67/a8f27b9c129974ae2afef004ffa8f09ae8757a	12892
.git/objects/67/aeea0d15bd5fad6c730178bbfb54e4de427c9e	527
.git/objects/67/b0d11cffbf7258894e11223561d9c2a9be3d4a	7188
.git/objects/67/e10fa1dc5b55eefa5b07849eb4d01d49c86ef3	5222
.git/objects/67/e682689ad28751f3d65d76500fafa939cd3dd9	256
.git/objects/67/fc5eed38739171d06e6d030746aa7dc5f5b194	420
.git/objects/67/fdd7cfc5c7b925a09daf90832938551e3d4312	48
.git/objects/68/019002ee889208965631890d00c9328e5162e2	3367
.git/objects/68/280791828ecd1533d5a035e7c37f8249b8e030	2539
.git/objects/68/346982ea2f900dbcc95e9659f265f2f3839e80	1604
.git/objects/68/9774b73e5d328aa665ca61a35d8fb660b8f3dd	2196
.git/objects/68/9c8ba39b0a22b45fe1349df041dc69d1dcc375	5798
.git/objects/68/b0cda75defca167a53405c0cff3026fb6e5903	1751
.git/objects/68/c21fbac68a658d1754a0ffc1c55e746ffc565f	449
.git/objects/68/e21ceb1eb5d4f2df498a655b903d3a87a884f3	1326
.git/objects/69/094d0b7f22081459f0859309ea3e02de7556ab	1188
.git/objects/69/38ff0b4c13d2664a9ede76c83f565054cfd0f0	181
.git/objects/69/4d422f92d6c246b25c4b3b3b7c795a483aed5c	2321
.git/objects/69/68cce7aa84b0e1b9daca742902d9b9ff532c95	1989
.git/objects/69/79fec489168d50e740d90c953d8df8b9323a6d	14849
.git/objects/69/8b985ddf9d92f2600307f00e6c209cf53357b2	243
.git/objects/69/9318a9edbd52eae026222fba0760a22d1b2224	4926
.git/objects/69/a2f98c772c2eba8d78a78baeae767511209342	89487
.git/objects/69/dcd5f64ca23a47ad540f1891b500d608c4f1ee	1955
.git/objects/6a/03ab839a90a770246907cb50c05fa1e2865dc2	7325
.git/objects/6a/30bb364d15f23a879c285304e7a549e7e385c9	482
.git/objects/6a/63fe19cd74f92985098324f30a2b798b9d2cc1	6407
.git/objects/6a/83c0d79ec17d299c9c81af10ae53a5caffea6f	145633
.git/objects/6a/8cd94e5b855d2837055767f25543c42c7f3de4	6154
.git/objects/6a/994bab4b46d72c9e5155b25a89399992f7a305	602
.git/objects/6a/eb35c26d9ff5f729c5a5a4a3f67a4073eaebed	1422
.git/objects/6b/2d58efd2564baf7ae53d3aadd87304fb8f7a78	1861
.git/objects/6b/462a48e6799c42673a8cf83f47fe8ad95f7694	56
.git/objects/6b/4b77d3aafff3ec956721bbc38473822597f845	354
.git/objects/6b/680d1abbe853ba870c3afa768b790b8f6441df	10743
.git/objects/6b/69e6f62a5ad8070f189f8bfc180efb02da5c1e	10165
.git/objects/6b/6c41cf43fd8d8635bb407b562153b768e707be	278
.git/objects/6b/9503861d6e1c4dfef6e2aa9697c9cdcfb48c48	432
.git/objects/6b/a01996ad5f4a70ad7c0c29b7cc911c578ad330	977
.git/objects/6c/36792395407f616c4f889741f7ce7c3c09d8f8	15226
.git/objects/6c/4467f962c752ae7a4af8ecd6b34695e4df16bb	433
.git/objects/6c/a4c4b3fc50d64b2158d07103e6968b973faf93	954
.git/objects/6c/d591ae0b33979ee9bcda24066a3291cb6a92f9	325
.git/objects/6d/3ccad2b0c3e500c503f78c7f538792816778f1	1672
.git/objects/6d/521da2906f286459410cb61b5d65a96ba9bf99	555
.git/objects/6d/a0c00eb8db5d045adb62c1c3048265a9181475	1544
.git/objects/6d/af853464dfa90cf5b4b7f680f693713c48344c	977
.git/objects/6d/f490ee15b24cf38ac966a8ea7a079bdb8a5f29	262
.git/objects/6e/114e30ea11eeb952953b563d33b76c4e85b43b	1751
.git/objects/6e/3102349a5bd68075a2bb8def46f2d2a1871431	11219
.git/objects/6e/4dd48e53cd96309c0170f72f8b52115b1be93d	379
.git/objects/6e/83c24d13dcf266d5de2444a9fd21a4407aecca	1206
.git/objects/6e/ae6f9ae39f3febec3267b48af69159591abaf8	56
.git/objects/6e/cb55654f0142e4bd0d39367ec41acc13636d9b	977
.git/objects/6e/d095be5ad46423b3a23e5bb052185f97030105	548
.git/objects/6f/0d2b44f7b97ac396226dcedf81d0d75412084e	509
.git/objects/6f/5766cd656d8749c901816be6bf04eb351f612e	32754
.git/objects/6f/613210b85b062635f0ae77d88c3e74bbd0a1f4	7677
.git/objects/6f/784b2f477b6e7b1ea90aaed9be33bb8b87d9bd	4430
.git/objects/6f/8dc756e2df3b30d7dd28adbbac800f94dc2731	5479
.git/objects/6f/c4b1d5c72693ecc681bd105823ebd43f2740eb	3327
.git/objects/6f/fb04667bb9fd38036abc26983b560bec81d38f	5225
.git/objects/70/3673b5094c4e299df6783169131123e2cf415e	20314
.git/objects/70/de85eaaca9efd1f87db4c3688567e7a24c87b4	1753
.git/objects/71/432ac8910c214974bace8997349801e0eaa342	4745
.git/objects/71/4d9a23ff29c81ebff58d3dd263acd3751836e0	14989
.git/objects/71/55e63b8dee966272946c18ddd53dcce46a1b23	289
.git/objects/71/7be6c4401ae7730c74a9e222871bd5149b1938	178
.git/objects/71/90b389fc9521582cdf1f021000b98bc56f94ee	1710
.git/objects/71/9dc71476529997b44e4993dfac7e0194e6b391	250
.git/objects/71/a2e0097015469ffababd45e9f596c2cee72374	883
.git/objects/71/ac125aa0d4c7331fa7fcebffe55c2919576bd0	906
.git/objects/71/d0ab2addbe50c1b02335eb2f69f59d2670d77b	1751
.git/objects/72/5c0630ced6122f3982efe679160ad347ca9c61	1359
.git/objects/72/8195f0ea4830b5a318d00aa339cf038b9f502e	1751
.git/objects/72/ccb420f0d36075e74c9ad40b02f283dd5e1515	19455
.git/objects/73/09c9eaf6aae33131f49998cd492ab7ab46aae2	285
.git/objects/73/124a69b43dcad51b1c38b2710dec11947bf3b2	1713
.git/objects/73/16aef5b0992fab90d7ae16445262c27050c5bf	55
.git/objects/73/3c79854d9ebb336bc546e6240e22ec3d35d10b	90586
.git/objects/73/5da66ab14faf515d0a7c7b75f4656a1940b53b	348
.git/objects/73/634a11b6124740090c297a5f1b165c47d544a0	1350
.git/objects/73/6c8d7af720c3dbae21bbdd83444de0286f5c00	12828
.git/objects/73/bcea72480701753ed256724574492087899e65	7247
.git/objects/73/bfe7484150a9087802d4caadf544f8b3516568	1752
.git/objects/73/e90595237334596f12a542b73e9fcb3fa5dffe	542
.git/objects/74/0ebb06651f6dd587e91f3477611cf225d4a959	179
.git/objects/74/1db8e9cfb149d0611d15d8d82ece3690fb7393	2609
.git/objects/74/2520c2f040a5741d58fc13c10fa60b0917feb7	917
.git/objects/74/35a5cb8b58a752b9a8a87affdcf7ac87fca282	13851
.git/objects/74/ac9406679a768ad5321b352d86d6026f1b75c6	883
.git/objects/74/aec38843ea673d92fc8bc2535021c4a44745b4	634
.git/objects/74/c0cdacfd869c5b3a87c4397b8ba1f141dd56f0	13163
.git/objects/74/ca53970edbea979b2110c8537d81eb03f31fa1	1714
.git/objects/74/cf43aa7068f459b7eb5670352aa058bcc6b886	425
.git/objects/75/45251a1a0b9740ba898c94ed61bacd74c3e29d	56
.git/objects/75/4a3fec77ecbd8e7b4924d400aa32d8cbe463fd	2482
.git/objects/75/4cc88bfbf04d1d2bc8f12e734206d4d050e669	151
.git/objects/75/4fe5127d0132ff420d6308bbcfc8ccdec3a84d	919
.git/objects/75/56bc8a8f20d9a3bc08d7238d3e70e61e5d2a40	42316
.git/objects/75/76d9e2ff0c450a452fb1f07bf4069180366508	1495
.git/objects/75/ae0d488a3bc26664d331335ab0676d26b248f4	9784
.git/objects/75/bf4d314070953f83ffa0c935d6dd3acb12772e	338
.git/objects/75/f8b6bb486488d9f446a82f69a1578f16d0ab7f	3312
.git/objects/76/39c9ecbfc541f582c53d8f2574185f9035efb8	2261
.git/objects/76/47c959afda069612d8612af7c5d9bcf6fb8829	419
.git/objects/76/56804dd1e406414d57523f9bcd47084477a079	2191
.git/objects/76/6df342af8876967c66317eca0049014a76d1bb	456
.git/objects/76/875f678c9c10afc68ca82af8efd75c17e6e021	432
.git/objects/76/aa03dc331cba86437df5ab5e28b37e82d9d87a	33220
.git/objects/76/b48da2443ba045c87d5e3cfd257dd7e0725d04	395
.git/objects/76/e3959940b141ba49d2fbd4002b710ca603da5e	7395
.git/objects/76/e49f09f88fb974e2514416232f5acdc489ba19	120
.git/objects/76/ed34c963bd39ba2e5bf14a09b3019215ab1ed6	55
.git/objects/77/3d7630608bf27eb23ee82d43e681c327794b3f	427
.git/objects/77/5368fe2b83db1fdc3b896eabbad4d144d44189	14099
.git/objects/77/5a0e53dd84e0b4f86a3381f5697fce862d910c	883
.git/objects/77/5b0f8a5a6b34c3d368ff247a1f9a87dfd49cfc	5446
.git/objects/77/726cfe34d6b598fa1741baa5876be8184c213d	2439
.git/objects/77/ae47620f1a34204d2183beae406d7f7a557915	883
.git/objects/77/ec08eedc359c7d6f036571228de9773ce7cb26	94
.git/objects/78/fc805da409468ffa2f3e23b87fc28c9f9bb5e9	772
.git/objects/79/04348d4a9b43598422c0b7db4bf083266a07a6	2204
.git/objects/79/129a213757bdd7396faca310deed6e1b3cff91	2367
.git/objects/79/2a8c89e1703f8c01c2635ee715ea01874ace41	184
.git/objects/79/31ab8ef0d46f8906952b9c9ac62528bb126e50	360
.git/objects/79/363b3d302e188febd3d4d19b9757641d6fd2e2	12539
.git/objects/79/488519f10637349100d5ac9ab14b7e98212022	60751
.git/objects/79/ab6e98f4b715bacbe1fc8576a90858c7965f27	180
.git/objects/79/b02e47a836ea589ae060be24bc068da9028425	420
.git/objects/79/be8b9385be9361f822cea84b4ca9ae73c330db	7423
.git/objects/79/dfeb67e3b3888ebd5f57e2f68f45e98fc0e26e	20081
.git/objects/79/e0d8480dbe6d300ec2a411406772d07f58a193	3048
.git/objects/79/ffc525558d0f2fd84417f8921bc6b3d7c45ab8	338
.git/objects/7a/5026a586b6e343adf0b99b9abccfef5f0ef8ff	7205
.git/objects/7a/a3b86413260f1db8d37876d4788beefa4448e1	5351
.git/objects/7a/efb2c70a367aea25ed2b4e3b484b1db7e7ef37	1750
.git/objects/7a/ff4be9d7a3f216c81f43f9144c928ac3545d66	56
.git/objects/7b/0bc2bfa72e1351c2147e72208b72f602117c9d	893
.git/objects/7b/2fed7366596db123601b74fa213030ef5b2b73	261
.git/objects/7b/42e79127a2613e8c357db3627b2dc44787a592	1206
.git/objects/7b/45effee6759351b8ffe327cd9b0b679fdb3782	1749
.git/objects/7b/766c20eaf30e4872dd5022adbc87a5fedaba43	4752
.git/objects/7b/8203d5443bda96352c3df550e1caf6bc8ca8aa	1136
.git/objects/7b/9f708b6c74aeb94a3b9c4fdaa0f6346c4bffaa	2425
.git/objects/7b/a28ef79a586bcb58df2f31d372b0cbdac226a5	1546
.git/objects/7b/cd2ad797e6434ca6fca62153c0cccd357feccc	56
.git/objects/7b/cd748eb64fbec3fa906d460893b96c3fec173c	30704
.git/objects/7b/dcb0126f4acca8b0bf1c5e3df8f77d0a68475d	9825
.git/objects/7b/e3c96d872364f6b80d5b473614c030d5bccf97	1768
.git/objects/7b/eb48e2e76decfda65cd9c7ca3f3c19e97e51e2	373
.git/objects/7c/19fc5957debc93ca0c62b50796d950770ffeae	1252
.git/objects/7c/318f2f239dd0250adaae8a97ec4e81c4916d4e	56
.git/objects/7c/431c7b0f49d10026bd65f5c4d452379c793c10	11346
.git/objects/7c/4cf2796c7af6241213cde09d89f163e325a743	3498
.git/objects/7c/554ba8a615a7714a4b9a5462afe234e65ac76d	279
.git/objects/7c/6227b4d0e64d73a9751f5ef4b5357cbde6cb2a	56
.git/objects/7c/701d24f666adb4f59f47b09fa25e620dd258a7	1054
.git/objects/7c/7ec26bdc5132917271117b3054f64b0d07d0c4	667
.git/objects/7c/a73ec49bf029bba0b43182dcb506213148be73	1057
.git/objects/7c/cc65d1bb77f6d28d83e36917b50ef973e13a36	2201
.git/objects/7c/e14eb1390da2f2120f5e363cc0d8e5ac32d4dc	563
.git/objects/7c/fd095dcda309fb18e9464a085596363ae96518	12721
.git/objects/7d/690805035b80fd9932237d2080a7049e54d320	883
.git/objects/7d/8154efecf768d79f5b72dde243517850f50ce7	233
.git/objects/7d/85b3db6fa550638e1e870da588e6fecbebad91	683
.git/objects/7d/b697025a6ccd0af071cde98cc1f29701b80aa2	11560
.git/objects/7d/bb28477944829051a54554882eaaab90b4a97d	233
.git/objects/7d/c199a85a3c19928339e1b0e808cfe0f7c95f8f	1755
.git/objects/7d/e91f960b10ca517639925671284aebde12de19	1750
.git/objects/7e/1e233a2dcf2a3ee9226ba202cf7c4a7ee1cbd9	3988
.git/objects/7e/41d547efa520cc99cbf1e07a85505e9b8b6a24	4301
.git/objects/7e/5e8fa7c8dc2df5523a3c8c0ff2dce97cd30e9f	883
.git/objects/7e/65d78e192039733d2916ffacdd5ce07d6f6ea2	185
.git/objects/7e/6af73adda89a919f91989fa39bd7bff597502a	531
.git/objects/7e/8d0c21de459a9158a029fa3a0a85b22d447460	2198
.git/objects/7e/c917ab7f0ae464152006ab8ca8c9d9874cd5cd	56
.git/objects/7e/f59f9cfe6ecbaf029f08731f2d5128a3036dfa	17513
.git/objects/7e/fed0961a5f3ac4c09f743e310380f611e8d187	147
.git/objects/7f/0710a9ef98eef785d41bce096d216c8d3fecf7	120
.git/objects/7f/27cca927d01148abb7b8e9fd19501d36811bf7	3954
.git/objects/7f/2811c16ff18358c1a25f3512a115e0d005a4a5	130
.git/objects/7f/9114461f5f9e0bbeae8e366edbc8b0b0cb0d99	983
.git/objects/7f/ca535e6d80f55b7b64c6d9ba7553131166a062	56
.git/objects/7f/d4eed95a0138ad0b956b51dbe6c0ad33b3d63f	819
.git/objects/80/1a5966ee90276084dd1ae62a7090201c4e242c	337
.git/objects/80/342f6929a081f23c1b7f446c2f126eae667073	200
.git/objects/80/3c4f498997c88fff9dda929ec9c99853052e0c	11255
.git/objects/80/3dcc1b53fc491eaabac93ceb980d30a7c96a2c	524
.git/objects/80/6ab3ddd3985ab1f859473c5192dfa93074d3ac	384
.git/objects/80/7dee039355edf56e07b77f371d6bdde9931ed6	407
.git/objects/80/9331c8ef970820cb8ab24f86c9d30ebc3c4e4a	818
.git/objects/80/c226001507827a112d82e61bef9ba451d533c4	966
.git/objects/81/38357bdcfb14d21a7cdfd52bbe0a4cdaa607f7	5564
.git/objects/81/436076f0d7bd8e81f658a350f856cb003156e3	259
.git/objects/81/74db00baf1a54015c42b1f29ab0ac60507f46e	1054
.git/objects/82/1313ffe30997917fdb883fa38678d4ffb6a566	1748
.git/objects/82/329e10c30d5a09508206caeec3a88fbf60a3a7	250
.git/objects/82/820a1a66302440ecb2f1e125c42fa5b85cd12d	1749
.git/objects/82/8a9a235e3ad11f6179e764eb46e55130ac644a	1714
.git/objects/82/9132532e7eac14717d8d5f2c08b7e62565929c	385
.git/objects/82/b69588c6f659f8d22164439550bc5c1b850000	6713
.git/objects/82/cabfec3212182e1d623e1516dba915dff765fa	1642
.git/objects/82/e38f9401f454ebfc5df4105f3f4d24ee47d8c7	1636
.git/objects/82/e9935a185c79b4ada76e1d5b24b380d653bcc4	186
.git/objects/83/2d3b9433a61d829a6ac52aeac67207710c41b7	11178
.git/objects/83/6f9d90eef442d5820544cd3de9bcc65d053e83	1997
.git/objects/83/735c266cda32f540f492fa89e48e33ce259c95	4089
.git/objects/83/ae3ef15cef0ef51a74dec1ff531cf5b412bc1c	6748
.git/objects/83/ec00234e047a00105d068919e671da11f30d05	7821
.git/objects/83/f6915851198944129f7c634a4e23a977652640	257
.git/objects/84/251fd4458a0daa75c9a05a6f14a20700b4993f	883
.git/objects/84/34df0b6396eb705b5c7ab87982946f0ce33e7d	2203
.git/objects/84/687290cbe9937d912359b0bd508b358b36ea63	7692
.git/objects/84/7ddb6cc92606ecb758bab8c271a124d078e9b6	13948
.git/objects/84/ed837d902a6ae953d62c3f0ee0c530a027d16b	767
.git/objects/85/388ce1f06002ad4b95154ccb91327d2b1b38d8	179
.git/objects/85/405d3254184c57dc425b5a9895e03d098868ab	396
.git/objects/85/63132b35ff429731112770e97421b2221a000f	1676
.git/objects/85/872014f26a629912fea2931b4fcb763be1161d	413
.git/objects/85/9c8cc3f6f2823f532975387a60add1b67fb6c2	976
.git/objects/85/b07bc2eead0bab2198659bf3ccef00518d5d2d	238
.git/objects/85/bbac078f6ea95032749bb179c1e12d01142e45	1145
.git/objects/85/bc8f4cecb85fa24c7b91a96bfbe238c94ed7da	1753
.git/objects/85/db4e1e8c7cb20b2a1c5936709572b000cecfba	183
.git/objects/85/f2964f10fc040d987134a5fdd789e5192ce6b0	5482
.git/objects/85/fec46a4fc131d29e9e8f2f3d91f929ef30bc33	174
.git/objects/86/55ab1bde06a26df159dcd33a4df327230b10b1	865
.git/objects/86/5a819818392cd4fb1f933c2e38e4cad4ae77ea	699
.git/objects/86/85203bdfbab7752cf5f110cf208146254bf0a8	6395
.git/objects/86/cb2213c1a7fa0401da7008a276b541a3ddb64c	120
.git/objects/86/e4e32367b1725e0a9c4741766658e2ecf80f47	91
.git/objects/87/0010c0b867484f69ddae3b27c8e09abd4f9a95	276
.git/objects/87/03531cf8b41e18a008f35361f062add4b8d029	250
.git/objects/87/3b4e660c57db6bb25f061fbf0b4bacbe7ff025	1307
.git/objects/87/82fb5f12db15351365674af2d434084fc6a3e4	3648
.git/objects/87/b0a8366ec17c22a868304a052048d66e1f246f	133
.git/objects/87/c116331b330d2205ba88042ad8712c94397649	699
.git/objects/87/cbec276c8b10e1a0c8fb4aaf648a752d5a24f6	451
.git/objects/87/df76153a64ea50487555274c5fce61fa427660	420
.git/objects/87/fa764d0d5e7e39b796d8bf115485a13bde56e0	389
.git/objects/88/4855c0d2f6c3bb3a793a0698f8b144ffe86b73	6800
.git/objects/88/6d391a7903d3ca2ed68d3ea28ca3d965b73306	1161
.git/objects/88/7519eb5d0eea89651b9d71d508e7a512c70b0b	56
.git/objects/88/7c9f64f4853fb1d8e043169f6fce52d6c62232	1709
.git/objects/88/a38a930c18e1c34f23ca8537016494ed6797f0	1042
.git/objects/88/dd6d384cb35a1b256eb98430f7af6a31b37b97	238
.git/objects/88/e21f9dcbc073167a74408d9b62ad83fca7dd3e	2266
.git/objects/89/878efb0284f9d68f5145e9f9f5a919dc14911d	13331
.git/objects/89/967e8b12bdb7f013c2c832ecadffde9b9b15eb	891
.git/objects/89/96d1496410989babbb7f229b44fb84fc1d2d99	107991288
.git/objects/89/98d533a49fbb406ffa35d999bd878da3f0b959	2180
.git/objects/89/b69fd328aea218a59e43bb27f594edd8cc135e	56
.git/objects/89/c8893f8cea2664f47e6cad89afa2d6fabd9719	854
.git/objects/89/eb14dba225b4a4525c4ff52e985c26148c70d1	56
.git/objects/8a/1fffca6280702ef491e12beb09b02c50b4b689	7364
.git/objects/8a/5c587a36d87623e1067e19e5c04d41f8adc50c	10492
.git/objects/8a/95a0198009089c547573e21a0c9dc7685457f2	2239
.git/objects/8a/a0353371d91942327c68fd288b090373f8093b	4772
.git/objects/8a/a7b38fbfa81f784c7e5a07e656268adafbbe23	252
.git/objects/8a/bf56cb4d04e9d2c3b78b3c47df57159e9ff049	6395
.git/objects/8a/e9b64ec8fc564d02a874ced0ba0183010a2dde	20022
.git/objects/8a/f2efcf992d82e4645b84ca2298907602c1ae38	1222
.git/objects/8a/f55bd7c414c068fce2a90fe208fbb311c07dff	6438
.git/objects/8b/09b30bc092f1dccec4bb1439c723a4ebae0bc1	5107
.git/objects/8b/203f7f5033e1ffadbf3faa93ffe0216a506f3a	1239
.git/objects/8b/24e1995edd3c4d41d925f32c049d2e47bda6e8	12610
.git/objects/8b/b839ed5d71bcd1ef792b4ab5ada5f06fe62b65	1672
.git/objects/8b/dc36f0b01f9ffd246592b0ebb09e64ae92ff63	614
.git/objects/8c/179bb3fa9841d5c84284cb491ceb5a2ded8362	1714
.git/objects/8c/490b837fca3d52deed8ef078df25089b8b8269	2960
.git/objects/8c/bccb53c619a80c0ce00848a4cff7cc7650b566	395
.git/objects/8c/ea54c9458455dedcebd39999b2e25d201e012f	1906
.git/objects/8d/045af61f82dffeef36e76c233a661f9b865994	1115
.git/objects/8d/3e1cb9c70d0c56d721f7701397a91506d27ebe	60
.git/objects/8d/7aff52128556686b198ba7bed4da54a5509080	883
.git/objects/8d/ba3dfcb036a397af6531a595cf788d7169965f	2256
.git/objects/8d/ee16d1f25dfb4c9a26e3f96a35d6f39cc597de	692
.git/objects/8e/7d3b8239f08982dfec5981152c2315f6be8ac7	260773
.git/objects/8e/c1eedb50a444c81ba59b7ffe0e6d0a0b1f8343	1054
.git/objects/8e/c9145ade8ee3261ce28177e0ecd8a1c43751ba	125
.git/objects/8e/ca3d2e5bfe9335a04757ced3354e93954b6d92	12654
.git/objects/8e/deb291d22e7fbe130142ffcddff665cca8be38	432
.git/objects/8f/02f6b263a3282e8813217751cf8c19b8fbed43	978
.git/objects/8f/15f50f1eca418a9be7d49169cd02b8a2be80e2	1144
.git/objects/8f/1b55d207b6f271cdedd7eb07a98d34975c72a0	2350
.git/objects/8f/2085d38be0a8e16a510c2f0f7fb887f2059714	2135
.git/objects/8f/3732dcd038413b8bf94a35bad4ce7bd3882319	453
.git/objects/8f/46484af14304020fbb1c8745b203edac462546	1455
.git/objects/8f/874837cfd3090d8d07cfc730ae7a33df077c1f	183
.git/objects/8f/b0eeddfcab814139021ee6f7fd6d184be5b5d6	1786
.git/objects/8f/b1ea0be127995d6e69f08178d2e099d548fcbc	6950
.git/objects/8f/d600e57da50955439f266810ee719707cddef5	6811
.git/objects/8f/fa307e717dc554ac25136ead714249c2640a4a	10053
.git/objects/90/3074a411a3574c8be1aa1c252f95e66739cf27	5645
.git/objects/90/5ae87562d9fef23d25ac5b128e4dba2e3a7cd0	20390
.git/objects/90/68c465533deeb6715d82234400a9f8f0f010a9	181
.git/objects/90/790e0911c5ba4ec29f978a0691ff0cf71fa0b4	457
.git/objects/90/8399d0c06fa12a9aef9a0dcee63b1c636d4d95	560
.git/objects/90/e459e44695fd6ef69d3614dc489a75142f606e	830
.git/objects/91/4e66d764d6a215c1f1bd8341b59e0b9583ee58	470
.git/objects/91/52604786d7f203de39501a4cf6475e3b23fb4a	19269
.git/objects/91/c638df48b8412b9af1d67636e491cd4c1d7e1e	438
.git/objects/91/d462bbe5e81846cf237385f8a92cf616cb873d	976
.git/objects/92/2e92d9c1d509927e64c961f023e1f788462f38	1446
.git/objects/92/4ecf224d837345d8f81644caf27424bc34665d	8354
.git/objects/92/5bd89257154b7eb90945f269c297eadb2e9d0a	186
.git/objects/92/743e22f0c7d7068180189bc071b98def8d16f7	56
.git/objects/92/918cc097516574771b87c37b53ef902ab9a8ea	2263
.git/objects/92/ac8a15af797e931280959e26e5f0272e715302	1055
.git/objects/92/acaa95b57549355e5f2f149ca6b814e6008ac5	432
.git/objects/92/c7d4af0ad47b1839aef7b3cc40e0a2acb6da02	55
.git/objects/93/04684b2d78df9fdd68615fc6b99a62696d77e9	13472
.git/objects/93/0bb28157a0ed2b9d207719b88159e555193994	7234
.git/objects/93/5f5415a13093e91c83ab22e4abebff63c64a66	5592
.git/objects/93/686f4cd0016f58f7a8e21f643825f6e013ce75	2445
.git/objects/93/a6062204ae6adc5e5da150697d3b7e70fd3d68	4445
.git/objects/93/aeb82a80f0fc123961dccb95952a13db671356	1715
.git/objects/93/c14e480685f473b6665f3c80445dd995f343ef	140
.git/objects/93/f01125d49cb288c5088861908b14b2da7c7a31	3726
.git/objects/94/d78215ece38fab57882f35067bf8dc24e9b766	10560
.git/objects/95/0127ca72e52f67cef6058ecbb5f20e12bffac2	978
.git/objects/95/3985c25f7bbfc38e4cc4f401a902fc5005bdc6	5430
.git/objects/95/4c7f6c357e679606acd053e16c5a8077440c5c	1573
.git/objects/95/4d37e0e836fbce995d335e684a389af6320d58	1644
.git/objects/95/9e4d144aadfd3747bdaa33ab88867769ea682c	2175
.git/objects/95/b33b36dcb676984908890b19dd17f149c864a3	3351
.git/objects/95/bb53c8d94a1bb6d645f9eda178c0d128b08857	818
.git/objects/95/f2a87dc9d8a3a1bc8bbe89b2eb0db2ecee35a2	701
.git/objects/96/542688944e3423eab7208ed7f95280d0345716	461
.git/objects/96/77fcb1c802d82495222c3e456e9fb19067c242	9531
.git/objects/96/9eb7fc055308b02851c6868f652f10ccbdb322	3616
.git/objects/96/ac72715088a65856554ab4cc87e81531b0be37	7334
.git/objects/96/b95ff3d8f6d925ac51d8ba6f00f327d7487b97	420
.git/objects/96/d23cde6156fa795859968b4911f209f1b94ca8	1752
.git/objects/96/f5bef121859e7bf413e4508f5f5e51375951f3	1914
.git/objects/96/fadb7b302ed537721319e8d626b9bec53bb2d6	3296
.git/objects/97/2af5853378f8e27b0ada2343187bdbec070395	1753
.git/objects/97/e6eed2d359e0b257206034ebe6c70150f31ce9	252
.git/objects/97/e74c93165f475c0f2ef362be2587e253c565f0	6800
.git/objects/97/fbb396c39d45dd4fab9b0c65edb6cc1f9830e0	56
.git/objects/98/3a0068e791075bb984b42df2917ab9c87bb533	57805
.git/objects/98/6657648370bd66d5693905524d9483104d6cab	262
.git/objects/98/7c09f8cf0486e11ba90682a5e372b9bf7de050	181
.git/objects/98/97a3428ccf491c42a9ded18d44548c15c88217	69
.git/objects/98/b317fc858d62870633a2f8634a974a124e7887	2225
.git/objects/98/d11d157d1e91c7a8c0d6b4ad838333c30e08fe	543
.git/objects/99/024e4d450528ea2f6926a4b619a4d2c1de459e	352
.git/objects/99/0455ad9d91a8cd254f8d6416710fda122fc81a	420
.git/objects/99/421d83f3fd08f68e8b442871575b5aa7f56bab	7756
.git/objects/99/472a24c30fcbfe053e24a099deacf96fca5400	182
.git/objects/99/74943572e2709a301a4f3cb77b6469c496478a	55
.git/objects/99/7c435f1d0cbfeaa2a2aa8050f23db6b6d7669a	1573
.git/objects/99/e6d655ee35f89387da28cf02f98a49bf981fbd	679
.git/objects/99/f0f7d373cb1fdd10347d53a76db0b8d5f0ab8a	3443
.git/objects/9a/32c35f6053638fdee7d9b62a3ca7b1ad3ef13a	19547
.git/objects/9a/45dc66bdea8ce0c394829b08492663fa21f4b4	1777
.git/objects/9a/57c7453c93c31c57d294d7fd4da0fac5cd3dab	1056
.git/objects/9b/376e8632a4cfb0d766883fe1799dc38eff77b0	1053
.git/objects/9b/5aaf3802c20fb3bf7050e36598f7e49cebf59d	801
.git/objects/9b/70d8855ff1b605f855096a413928f17f31f1db	1174
.git/objects/9b/7744739dab13eeb54068a45373c9820389d1ee	21849
.git/objects/9b/92759ae4e6a2edfb6fed2db09e95e0e379e334	106
.git/objects/9b/98c6809002f75a666e96f2f37a65a6b8653a6a	262
.git/objects/9b/ac48c515963e997706954ac1f7b44b77ec9e7d	4130
.git/objects/9b/b4e25f98fae737a1ebb01284d564c0425dff42	467
.git/objects/9c/3b55916094b2de122e4ffc852bd946ac2acd1f	2539
.git/objects/9c/518c4f544793ba99d98c508d31fa64bf8cd360	186
.git/objects/9c/894b4e0ad076895266b8edb819ee2e7ce34666	906
.git/objects/9d/1adce02244c20794bbeb4d899dd80a14fb9938	10763
.git/objects/9d/457c630d75d5a3b92060dc7ac9f3c7ed56c648	4284
.git/objects/9d/4f0259c5bf55bcf97edb0afb5bda936618e14e	491
.git/objects/9d/78cb60032d7a7b381facf45abdcf95e576c98d	21456
.git/objects/9d/90bce4f4e2c0948986a4dfbb2dc7fbc8fa3978	56
.git/objects/9d/9e7d279095e1f43f63f67d533e910a07a9fe03	1058292
.git/objects/9e/318c345266c3b7741f2173d75e7053b230c067	9645
.git/objects/9e/44634ba00a487b43eb0234ad25b500a839cdef	1640
.git/objects/9e/5b6beb7b0d75e3189de688ff30639e97452212	1751
.git/objects/9e/939f4261a95a30e7a1f2c03a93093bbc82d1ec	2754
.git/objects/9e/ae97a581796d6f1994ff6c78661fc5cfc03221	3984
.git/objects/9e/bed6e3db903134c16c5810a821ea81a198942e	250
.git/objects/9f/1a52e91818d990a145506546d9cfc7171024b2	5249
.git/objects/9f/4c1b35735541a4e407cf5cb8b1e85abc24e5cd	5495449
.git/objects/9f/6b9bc6e8bfc7fe5d7fdf6d3aba0a394a71f1bd	3387
.git/objects/9f/7f1d7cc56372a943a83d213005ab3a81c664ae	420
.git/objects/9f/a0e966034910b24e9596fc9ea97183be08b6ec	3895
.git/objects/9f/b630d7fa6984034f0ebc681d1cca12bf4cc2b1	46
.git/objects/9f/b6a07a191746a9154c7d3530118d5cb95a22c3	182
.git/objects/9f/bb83e1b96083746533427eb2a352b19a744aef	59
.git/objects/9f/fb7495f886c7d918dc62a87053d256d61f4dd1	1593
.git/objects/a0/0ed6690361572ccec94df476625c3bddf26a78	497
.git/objects/a0/243523fa14db37589f1ac5af9a2dc13c77e1a1	6590
.git/objects/a0/38619a19e3b3f4d7aaa1d5bd56ef305e63c072	22065
.git/objects/a0/394a42ba3cc325616bf167ff0e7c79be9cddee	1753
.git/objects/a0/44d9fbafb1a584aa410a6dcf5cb00779e67510	1601
.git/objects/a0/655d4dc4c1242073202cda117d6e2b5b7ad6af	6314
.git/objects/a0/6ef82729251f01771a971180afdaab7fa312b2	3070
.git/objects/a0/92121723c69832425f0b3c959ebe3cb2b391ef	302
.git/objects/a0/b9e16adfea26410ed03eea6aad00c8a64f9bb7	120
.git/objects/a1/22d20343743296182451ac7ae710448563574e	3171
.git/objects/a1/5539f23cd9078f8db1f0ac5d8bcb74a176e3a2	4415
.git/objects/a1/6a1653e90aae9f439c759ba13322e5a23bd72d	3967
.git/objects/a1/8c90d2541f62944e5ac26233e62095f6106ba1	1771
.git/objects/a1/c80fda23f33ec751824efd25e5ec5a3c7c178e	15007
.git/objects/a1/d0eefcbec1ef802fc366899c53faf4e3fb4b7f	6291
.git/objects/a1/f8bef6c281ca62c5beb86e8984d436e31988c4	119
.git/objects/a2/1d5d5fbaf23bc7ecee841d2bfd7e8f29851cf3	596
.git/objects/a2/31457b00fbc14cbea029ed6a3356221c70f465	1929
.git/objects/a2/593f44c0800aedbc76fa8a905c16975d8cc610	56
.git/objects/a2/ae2615f7c81959b03fe90a7e5c16551f541e28	182
.git/objects/a2/cb086f7d1154166b6f9502dcff7fc4a844793a	1056
.git/objects/a2/eaf7d0142a16a5ec7da211557a5c69a49fded6	6434
.git/objects/a3/0809c66dda655535f1d0ed705a8d2e27f713ba	385
.git/objects/a3/1093512fe99d0862dd653b470c3493eaa4ce97	750
.git/objects/a3/15da6b08d8729a6c12bf4c390e9ef11c8a001f	8776
.git/objects/a3/18ec10c413e948cb319660ec9df2d50dd0501c	800
.git/objects/a3/2abc79bf57424fc7ae0449f3c956cbaed77be6	553
.git/objects/a3/2dca7f5e1bec84349d697ce4aede0c3bd25d9c	1147
.git/objects/a3/669b2f15e59fc11909728940b8d4450b3f07cd	252
.git/objects/a3/8b096815692561147b95eb5731194b371f8bd6	184
.git/objects/a3/a01ad79abb2a357d9f9afa29a9e078e6ece37a	14285
.git/objects/a3/cc10a2e81d1f2fafd525d9666bc1b85479cf55	56
.git/objects/a3/e27c4d304f30a402ab855af63074ea0887567d	10873
.git/objects/a3/ee2d5c637575f6a72bfec06e8a53d18a5afb58	60
.git/objects/a3/f411420cee50538a419cd79f2f4ad862b36087	56
.git/objects/a3/f6c5b34840c028ca9c1098383ac78c3ecf0a8f	3377
.git/objects/a4/45d4769027544a8081f83f0892fea6874a30e6	83226
.git/objects/a4/4e82ca30cdb72b60ac1d730dec337f32e280ed	2312
.git/objects/a4/8d93b6fd8e6342d4f7031713a3e603440a9f19	187
.git/objects/a4/a6129317d9039fefdbea927317f5a9a2d8da48	7590
.git/objects/a4/ceb049358f9a1f6d8bb55f0275c0472ea4a03a	175
.git/objects/a4/d8a043fae8fd6ba72351697587268c1cae17e7	977
.git/objects/a4/dfacf12e39b6b94f4cd5e756451d3d1fbc7361	2222
.git/objects/a5/6e0f81a26015d0c82064890e12a1e3d975f336	151
.git/objects/a5/760c602e57d582677d37fe1b845b7b2dc531bb	20388
.git/objects/a5/b5f2d8b27a8c658a74dc65c3caf09d205f20e0	106
.git/objects/a5/cfb136fc0feab6377504f596b6e66920c4aeb2	528
.git/objects/a5/dc75e89ca929cdd64a5c449d335a27ddc36802	8341
.git/objects/a6/03b563cf92e57849ba664d7a2c4ff4b952bbda	3483
.git/objects/a6/14d9b7b2da46bdcb1b831df81538ee63638960	1870
.git/objects/a6/585f38e54ba2ae91d93076ee9c3bdcc4e6bb32	260115
.git/objects/a6/dd337aae8cca6631bdc6d31a562a93bc755bdb	6248
.git/objects/a6/eaddc4f919c98423cb2fedc033aa3a337f2df1	767
.git/objects/a6/eb5a6ad251817366d670263df7de74dff40ccd	22357
.git/objects/a7/4e7f9bdbe78eeac8b19fc683ff110f00b52d16	12353
.git/objects/a7/71ef5e14415ecb4c1a3978a4882adc68bccfc2	452
.git/objects/a7/b5fbd352e65cdefce04427c830a179fcd52fce	100
.git/objects/a7/ec5b7f65d3fc64d84be3ca82aa6d9702b7e712	250
.git/objects/a7/f02d4c432db7dff45b7d2f22166b2652d256a0	1750
.git/objects/a7/f286010a752c821bfd957a4fd15d7d511c852f	59136
.git/objects/a7/fa0ad0aa889bc83118e38c8f251709e274d584	2569
.git/objects/a8/96823f60364e31fd87003a1e7867f94b91f6e9	2197
.git/objects/a8/b91daf0069b51721008a50cbcd7c2439f015e4	6885
.git/objects/a8/d42a31f9d2f11139d5ba0c2c489f12bb3e9682	570
.git/objects/a8/e5b83fc117d79a253b19be50158d72c828b7d2	250
.git/objects/a8/e9011566ae4f1eb7c69462245005269b0dcec8	14148
.git/objects/a8/f15664be571dcece08235279088a60a751a842	1056
.git/objects/a9/0d7416a5aea5953da003bc2f2ce9775142408c	16019
.git/objects/a9/8c30935995309bade9f8273208b0f805665c28	564262
.git/objects/a9/b96ca0419375bbd3ee77ffa2e8c4ebc6d066db	977
.git/objects/a9/e3145b7c2f251dbacc6146a65c0c1c54f68626	279
.git/objects/a9/ed8b4ebc47365e05679c958ecc7ddfd364b537	1816
.git/objects/aa/11ee87df6e716614d81872df820c4a6f842312	976
.git/objects/aa/35be1683652ec355bca8fbc037292ee9019727	12881
.git/objects/aa/3ef6efb46fa4348e568899956788e7be8b0280	180
.git/objects/aa/86955c0ce8019ff30ec40693c9a0e2f09c1179	469
.git/objects/aa/9237e189918ffb5fd5978792af63cb03df3357	177
.git/objects/aa/f595a426d7c653134b2c7093c7299b38f73100	1752
.git/objects/ab/172ce85cb4f2e3d2bc1adb19ac2f5f65b01cf9	9338
.git/objects/ab/236fceb5474d04cbd296f2965490d3952026d8	2515
.git/objects/ab/32bfd820c2be682f0b0de145420db7ab4fc438	7425
.git/objects/ab/87e98936ab378573841746abc6b572a513ee5b	663
.git/objects/ab/92e77dfc7191c18c3361ba08f3ae01487c8128	170
.git/objects/ab/c338056173d9a802c8305484642c8f4f61f22a	19838
.git/objects/ab/d39e64f1f91f9915d61fe6ed2e04f7397466cf	189
.git/objects/ab/dee74acfe00cef1cbe939fd9c5d47e4bf3175e	5381
.git/objects/ac/0eff202613023e86aec0379bb0bf8247452e36	2225
.git/objects/ac/21dd654e3db1bacb21b43bff756cd348c96ad0	4625
.git/objects/ac/294264b2e0f121cdb5fc286342873082741326	884
.git/objects/ac/5ed61892fef2bb4411a06166152e65495fed1f	960
.git/objects/ac/a8f32f5866439f1cd5f25271b1dd0e203904e0	120
.git/objects/ac/f51d3adf48db5ff069d8669dd8c9f0153eda38	1671
.git/objects/ad/260d3896799a6bfb7c4649869bac9acb22c9db	10261
.git/objects/ad/365eb697c3c4ae2087c9641795415524d635a4	3722
.git/objects/ad/545ebbd89cd4596f59c57a473ee807be8d662d	6403
.git/objects/ad/d23a88850d2530407ef429bd98d83c253166b1	12824
.git/objects/ae/04cf0707f577a5e94b61bdcfbd4a9a42fb23f7	55
.git/objects/ae/0d555bd7ae0d842078ecebbc2fe4a5b6b213d7	420
.git/objects/ae/26f068ebdc2af9f82269dc7b6c42f36686e207	394
.git/objects/ae/3193f16d1f9fa6e62146727140ea48647831c2	3304
.git/objects/ae/35b4d2aec371cd0ef5021e1001f1d58f39c4c2	2770
.git/objects/ae/6548d35a52fbaff4d09315c98d9c59b6b520ef	1353
.git/objects/ae/a419cd335e797591acd1a22d9d2e5cedb8cfd5	106
.git/objects/af/3ee47307f14d8cb1e047e40625edbfdf1ebabc	119
.git/objects/af/c4c62ca0c9830fbae59e9c50c094ded0b70728	246
.git/objects/af/eb08615dd56eceae7676a7396ad042902152c9	270
.git/objects/b0/054291cb0c52c9401048c4ce6a83e84d2a7baf	3193
.git/objects/b0/3cfb74d1bafb4b4c7f68c95a5568d162e3a80b	518
.git/objects/b0/433551a93ecefa32f82193e741d9b2eb93419c	3909
.git/objects/b0/d78d1bcd91c2eca5692db7c4c1977f18f0c7d4	2264
.git/objects/b0/e7b98c1825b79c9599a33c38bc6166d65fcb58	58142
.git/objects/b0/f1596f71e2836082b5d6004f32c07dc83cc51f	6359
.git/objects/b1/20c935315fc783f97c9c5b484e2d4a52dc6245	337
.git/objects/b1/2ac3acb57ef24cc6a5f65769a5f33cab753980	891
.git/objects/b1/7a5bb879e3ea012db17d517b5a0c0ae0c4ec39	735
.git/objects/b1/844eb67b121dd1b04b3730f65348344b80426c	1752
.git/objects/b1/b6d6fe8c290ad57d72a08a84b157f2237f3ca6	337
.git/objects/b1/d96494bbe7129b3201537f5693c860846232a5	65
.git/objects/b1/da9795f1e964af1e578fdb37ca4748fdccf249	10106
.git/objects/b1/ebd7c7d4fe2210328c9dcd08c714c948f72644	966
.git/objects/b1/faf55fc4a9effd4c56ab354a166a1f440c138d	120
.git/objects/b1/ff8da73450b4c58b2ad08ad7ded22017246118	233
.git/objects/b2/0a7a970898932bc60fb67f37d5e358205239eb	1546
.git/objects/b2/1f8e06f6236a9604ee74b6c6ec99e6f66a5feb	420
.git/objects/b2/3362e559748476a328f0944fb70b929cc2fc73	4814
.git/objects/b2/434d76d0bc8a947f208a1af6bf88e9ccc89c35	176
.git/objects/b2/6bbe89c3aa76444dde277409980f787010c682	252
.git/objects/b2/776a84e550f368ceba7d0f3cb8b395237b3de1	420
.git/objects/b2/8d75721cc0deebc012d207187833eadaf09f28	15440
.git/objects/b2/a71ca00cb563824d2fa7937f64c11e2e1887ce	199
.git/objects/b2/ae439a9e3d4658d04b2bd14977c9eb7254cb26	7373
.git/objects/b2/d6da4b6a368aa8bdbbeef1b2148a74500c4a32	187
.git/objects/b3/0afd8ecb0ed09f2034a3bf58acbb0cf6b94106	1056
.git/objects/b3/47a325132388749fc955e47f3efa40d5e4d8fa	560
.git/objects/b3/5a6879ea886896b65f3a6895cb255e39ddc42e	9825
.git/objects/b3/cb79c4c6a6894d0975adf98ed66fa3bbc09765	350
.git/objects/b4/0cb6d79881de655e6644e93cf914f3eaf4bd1f	39095
.git/objects/b4/36715c8651a005954300d36a38d47fef7784fa	20906
.git/objects/b4/4f4655e6f7a7b042c4b06822800030d9c9d8d8	883
.git/objects/b4/d17e1633574845eb25199c3ed6be99e46f47ea	47552
.git/objects/b4/db10b27ec3ae6fa3de0d29bb33c66faa5c0ff4	56
.git/objects/b4/e7c9c8770e2e37fa7229fd0f1b5105f849f6b4	55
.git/objects/b5/1200d8d75b6cfedbaf662157701c475fc95023	1717
.git/objects/b5/1cc0781ed3aea5d8a1d93fca2406ae7d9689d8	56
.git/objects/b5/28d8c389a8fe6d1115403715ad75d1536c5093	925
.git/objects/b5/58a4f908ad7db223dd18b761c7df6e3abbd43f	3696
.git/objects/b5/855d810d201afefed19d41b6e6c8325ce81533	629
.git/objects/b5/867958ddc28451d39a01d7433a05b40fe0cca6	1222
.git/objects/b5/eb72c20bfc8f038d899476a16958a10f5fe0dc	262
.git/objects/b6/24e9347a9aafc7433df9ee2584926e3b28d2a6	460
.git/objects/b6/4dacf766d9c383939f0e8849dbaead48c91f04	252
.git/objects/b6/53eda7e84e34478307301a7ca5327feb66aadd	7277
.git/objects/b6/559a64b7e19040f6f5b5b550b19501e09b56c3	5959
.git/objects/b6/69cde99893adea318dc5dc62d25a46d2ccbbb5	120
.git/objects/b6/7030a9e6a57b8636dde72ba107ed0f45266109	875
.git/objects/b6/75825196a3ee922ea4708d513536f72d0424e9	56
.git/objects/b6/c983fbd13129a22bc35fd716c8acde1f7d3287	4107
.git/objects/b6/d35d4d5203f8f5bba539e8382b2057d7323675	56
.git/objects/b6/e05dadf9dfb70d192fb8234a102dcc4b1c30a0	1714
.git/objects/b6/e98a1055fdd1d90649b377670e742c23d653ed	3316
.git/objects/b6/ed2a7122f5e1e562fb48923c91539f507b54fd	6927
.git/objects/b7/1d66c638ffbf1a9e3b7f7a518e118fa761d58a	180
.git/objects/b7/79e42f89922f3bbc6fb5025493a1242f1034a8	3443
.git/objects/b7/850cb218d02c6b71e7a987c8a893b415403db9	2222
.git/objects/b7/8818fa4e09711d5c59092e31259961f685145a	567
.git/objects/b7/887575c1032bb9166790b4d3ef47a0b3d233f8	977
.git/objects/b7/afb96be37a60d205074e5afb93808ebb2a8f1a	56
.git/objects/b7/c1f73a5bd21d23dc63adcda126f5d2e8232a92	4328
.git/objects/b7/c30ad8beefcf994d4dea918465961bad52ba62	1645
.git/objects/b7/e2bb2835cc3d5ac0970d19569aa44532a2e50f	594
.git/objects/b7/fe41ed5a1cfabcdb4022e6666089a89f289f95	939
.git/objects/b8/02a761ec7de858ed3f5ddfd3322c883777287e	47
.git/objects/b8/0414f7efa63c58b6e63776d255d6349c1c31da	1554
.git/objects/b8/1a1e187664b2671351176115498185972db6e1	56
.git/objects/b8/32a5aea41c7209ebd974c15d82447624331184	252
.git/objects/b8/7d7899d047e4c5289f535ea7d5755304ca0d73	1196
.git/objects/b8/7f5e51cf525b0b2ce97c47c12ecf6de6f10895	420
.git/objects/b9/3b82978fa9d23a993d3a67143ddadd849607e1	56
.git/objects/b9/4d3c32a3a52b6aeeb9150deb352d724a7a0e1f	5183
.git/objects/b9/4db4b2fc459d705eb95c1221abc413b33aca36	9784
.git/objects/b9/5f96f39d50ec3897f3e8f6b91858647805527c	3713
.git/objects/b9/849667307f2744483fa3ff0fc8ea2bcece9469	456
.git/objects/b9/88753cf212b2a1c28829324ef1d35e44f688ad	181
.git/objects/b9/95ca3fc2e913a8894925a694575e2d10f220f5	1327
.git/objects/b9/bc22c3da57eae725390d8d9705b3a3fdd80067	9498
.git/objects/b9/dce0697f668b17d327f816038356f9ef27f466	420
.git/objects/b9/f04d8da117cfd3a2d5c29b50539e4787baec5c	1911
.git/objects/b9/f6e203d897847b2a9579910da7048b45c4b5d6	1752
.git/objects/b9/f80f003e17235576bb2e1bbb629f07747c311d	232
.git/objects/ba/054cec02ae61f0fe50be24809fe6785da340a4	9729
.git/objects/ba/14f7031ff490f1970182fe38797897a0f0efbe	352
.git/objects/ba/2a6cdadaae12d372f50b257a1ed1a06ecf6547	1223
.git/objects/ba/2d4fb1831b3aab2b00d5e4ef09253088c0b994	1847
.git/objects/ba/89f17a7aa029d822d9d4dd8e563a5bbe45e1af	8288
.git/objects/ba/bfce74ae7181139e05c6a018aa3fb7b6b4db16	2169
.git/objects/bb/1771a7f21f9603ff6cf7382da74b8769691e50	1750
.git/objects/bb/199a61bbb8533ff6915b240547836e505df791	2361
.git/objects/bb/2a397d11f3163cc6bc1f9a9daeb3ae5626c1d0	386
.git/objects/bb/4110174c53dda8168b1a7a03d83754dcd6a6d3	5401
.git/objects/bb/7bc3219f911830a86cb65b3fadc5674d0b351e	2233
.git/objects/bb/89cf52b68ece67710cec0a3fc8444acd1b836e	706
.git/objects/bb/df35784ab76969b4bfa8133b54f0ffe86ebf90	13867
.git/objects/bc/12bf9a195a535e674f3d3c35603cf80ff565ba	938
.git/objects/bc/302f34c4fb6ac08e387be25b48655e7eed9d29	15857
.git/objects/bc/377cf0d54408ea9569a9b3576a801416d0292b	420
.git/objects/bc/73330ee79240ca69f8bd439f2230e46b555250	7589
.git/objects/bc/a74096c13cf9fb25251bf33ca5bbec12dab22b	3169
.git/objects/bc/bcd246a9526ea37b2c42fb57d101f828b5a003	506
.git/objects/bc/f57b8a795bed7f88b1e0300b1817d80a4b2d62	2337
.git/objects/bd/64811707f6c07042195daa0f4c3de6f2e59bf2	21383
.git/objects/bd/a26ba6daf6a80853c98ff618e5849a03a6a83d	11888
.git/objects/bd/d295e655067f16d0cea9198a45f15553192a6c	4172
.git/objects/bd/f1954be43b54a1a3f91e65440441c057f654c0	332
.git/objects/be/064cdd860d106ab1c6eb9f1c67c53bcebe9514	401
.git/objects/be/386466c9fe3c4d3dee5a966118e8dacf588756	663
.git/objects/be/4c4d432f9c88e51c063eb3bc408058ce34645f	1752
.git/objects/be/58669265d0a329dd220edbb6633d751b27f410	7490
.git/objects/be/7729926cc1d2332e346eec43314fc6530d01ac	6712
.git/objects/be/ba3fd2caa6b3aa7c6f11dc8367a7a9bb14aadd	182
.git/objects/be/ed098149873f87e38015e7757e009244e02b4d	20137
.git/objects/bf/0ba463c57f237613474f460a0426dd02a0d506	4348
.git/objects/bf/19970d90c8ba836f1128bd3ae0539c809a877b	177
.git/objects/bf/3b962126fb8c57fbe6e6894a465cc34cea49d2	1612
.git/objects/bf/5af359b35a77ac0e11cf0589184251b3dd7bbb	1206
.git/objects/bf/5e185156fe349b92179df287ac8bce5ff4656d	1748
.git/objects/bf/61bba00697c0fb3fca690817c65582574ea2d8	11450
.git/objects/bf/785e9d7cc567901a725f4240e9644305ff9b64	302
.git/objects/bf/9f1292bbec420d7c3051731d43f2b2e3a59f3d	340
.git/objects/bf/aa239b2e9ae04ed43e84781218209d2dfd4a19	17087
.git/objects/bf/d82e93b57d7b7d2e96b13cf2aaa97718cc1b2b	261
.git/objects/bf/ea05e83efa96eff6d8a7469c5edff9b532f2f2	1750
.git/objects/c0/2bbd799fab2c3abf61c5b120b2300efd6955f2	2972
.git/objects/c0/4ae988704df40a01c86378085393d394e51ae1	453
.git/objects/c0/732c6647c39d36cc0f2006d64366883ba078fe	20508
.git/objects/c0/7e68d43cf848c8b6f3385b7f646083b53ca234	177
.git/objects/c0/9f0046a13afec8651bb0f3f791f9bd9bc8d7d0	909
.git/objects/c0/cf9507454812f94a8ce60dbdd286f92f42b725	382
.git/objects/c0/e1a15637e10d3c5f5e24db94231cc39989b63b	101060
.git/objects/c1/35b28133ad7ae479f4966c1c2b636302cb9b64	233
.git/objects/c1/4c7a148f01423bcbeb59989b6bcf148831f652	61171
.git/objects/c1/6fd255c418d25c2fe91f2cb83dafde36c74138	9998
.git/objects/c1/91d21429cf72524f6993dd04ad749d6ce7c4a0	155014
.git/objects/c1/ccdb4162c8ace3d546729b1e94495e15f9c0ec	1903
.git/objects/c1/fa5b672289ae45178b7b2588e689fd1f8496dd	177
.git/objects/c2/06cd785ddbb86e6ecafcd81a591d87c4160ba5	593
.git/objects/c2/0740cb28ba1b928e92051f266624b87afb8e08	909
.git/objects/c2/0d3ee6c9a063dc5ade7b6bdf1135271aacd7a8	180
.git/objects/c2/23b7f291429a8bacb93b28af5becb55cb860a7	1680
.git/objects/c2/2d61e3f97fb8d7cfb85b2c3a4a8a1a8497853d	261
.git/objects/c2/5bad9e581ed697e5f54b2029dfc1f4c306f28b	977
.git/objects/c2/df5af5f736f257f51f29a8a9cd0317e6025122	186
.git/objects/c2/ed1c8805aa5aa884ee667203261d382ad3bceb	2495
.git/objects/c3/02101b4f0b6bbf66399d08161e4028da12c23b	733
.git/objects/c3/0ba3c4a5f58f3e21d59dfeb6442e230c2266b1	11188
.git/objects/c3/4f37702708a95c2370a58259f605d69f88e063	1751
.git/objects/c3/9f99932ddf07c0df8bf0532bede4bc601ef3c4	1750
.git/objects/c4/32b4248f38b877c452e7b3289dada9de3805d2	677
.git/objects/c4/783f04727c707a9f772f494a2a4412ab3e7cb1	918
.git/objects/c4/8668f83c3aee3817d6eb6302ddec9ede94123c	20145
.git/objects/c4/b83047a82311d16ed76c508f7b9f181a0ae9b1	47
.git/objects/c4/fe3cb2fc9fa50918a7fbc78e0ff7e7d72c921c	7253
.git/objects/c5/0e623f17d15a6c76282b457ce9726461cbb938	223
.git/objects/c5/296b6bd318b9bb797a2a03e245d01297a5df60	20403
.git/objects/c5/31ad05c87ea54b4d1d2ef58d87742cc7f3958f	594
.git/objects/c5/8e71d8e53be9687c155659e74d09b4721e057c	496
.git/objects/c5/f0ecf3563d6d1c0a5f761745e45ab02e293d8c	9079
.git/objects/c6/0c67414b8c65e5ce2b20bf841e6db76fb91b9e	191
.git/objects/c6/420ab1db0fd38a80bb27343451865d40de38b5	44
.git/objects/c6/699c6c7b9d4a3f94c136eaf5f3dd5a9c8f693a	220
.git/objects/c6/b034d0c0a39eee6912b6737769af5da9e57055	14250
.git/objects/c6/b3cae809295194b98ce1ef22cc2466ae7874de	2127
.git/objects/c6/dc418d2ba59c25b94780dd9707470e4b45bcc0	816
.git/objects/c7/3081c68bacae59dc00e5be9ab4943a4121de89	964
.git/objects/c7/389636f4d0841666fcd4080e4db024c06ee87f	182
.git/objects/c7/391b6882864b0a264693f37d7cbf9c7cd73842	1711
.git/objects/c7/855a4948be1e0be036d1f3e72d2adfc804dce7	2504
.git/objects/c8/1f502641e5fde2e06cf3f41a5ad4b89c35fc02	432
.git/objects/c8/27d49cbc5d7a6c0ba42dffd2c20e810649bb81	125
.git/objects/c8/5baf6f6433a3031a63482a4a7efe9c7888a5b0	1587
.git/objects/c8/5e85bb0243eae762c15055a6091b3c680aaba1	2142
.git/objects/c8/87e397b92bbc9140aa465dfa8406c7aab071e2	19305
.git/objects/c8/8ca00b795e43ad24a3fb2e5f62e457b863afa8	245
.git/objects/c8/9e8086926ddde7b511f522db88c4b121a66de6	182
.git/objects/c9/064666c8c405ae4f2580f0911ec212a1234aa4	3294
.git/objects/c9/073569eabddb8a2cbc1aceda234e447ab6ba36	783
.git/objects/c9/1102f75e72b2372f595417038675906818d935	65
.git/objects/c9/3b9c7b8aefa312342e4eeb4d5c716d3ca4eb9f	271
.git/objects/c9/7f98f0eba2e3e8bf708436de37849c61fb4701	1997
.git/objects/c9/8673118601cecb75bb3f100e7b943c82c0db45	1708
.git/objects/c9/8681333760ba7e0057f7dbaa89b294990d5cae	977
.git/objects/c9/86fe10deec21ac0ae1417f0156d8a59f4cab35	3522
.git/objects/c9/b04c40c1a3e1c87c30d2fb8756ca76c41747d1	8783
.git/objects/c9/c00ca88f7bef52c07c0caacf308285f1edfde6	56
.git/objects/c9/c09b3babce77f093dad1b61aa6467861fa1155	655
.git/objects/c9/eab6ab1a5e9e7cc16575375f2da202fee8325f	1779
.git/objects/ca/0928721c9557c0c18f7d14d1e39aa4c55591eb	913
.git/objects/ca/29f73da1ceb0727384ce3dccb472fd8869e514	180
.git/objects/ca/3f086b1f82ad5ba400f607f3e3faad61c03014	346
.git/objects/ca/43769ea6a5fcbc45ff644e8bc1cd1000e9aeef	383
.git/objects/ca/681db5a7755fe728e4be9230dcf16e18c627cf	1054
.git/objects/ca/76d16afe652f4e960078a002921403c7f1f921	977
.git/objects/ca/819b366a8ce5b45f1e04f47d7058d30f2dec1c	120
.git/objects/ca/9183077261eb8d03a2fac42380a01ba9ef58f6	1497
.git/objects/ca/9f5f72734a875ee64ec164760d283227e2a8c4	1252
.git/objects/ca/ddd6629f52a39df3f623e7193439f59fa60c29	239
.git/objects/cb/0588bdd9b72d99058a02fda605791f626bb595	1666
.git/objects/cb/0a79bac1ebc75cf21281a7537f82c4dba889ed	6189
.git/objects/cb/155da521fb899b3dcf4358f7612818e2b525dc	419
.git/objects/cb/1ac047e408539a7cb7e3be02e4926b1b263d99	119
.git/objects/cb/292a8ac999d774e3778e1753c184b8170a2293	125
.git/objects/cb/47b7d55f604c34a9289e0f5e2708344066b574	12616
.git/objects/cb/531dc4627752fbb1ab66dafadd3772ad6d0096	181
.git/objects/cb/93c818e13d75b0bbc15c1258e19aa938180492	3715
.git/objects/cc/3c3e4a73b47fc25726b352ba9d2e37d7238964	173
.git/objects/cc/4144ad14cfa69edbbc125bd89a2c726871dc1c	337
.git/objects/cc/47b3a70cf43df1e7bcff663355a557c61098f1	275
.git/objects/cc/cad91805650fee7541adba7a80d9c564b0ac6f	56
.git/objects/cc/d8c1dcdbe38bb80817d5d825327fcabe310453	1300
.git/objects/cc/f1e5c90020552daa7e06c6853b95db9b7d195b	56059
.git/objects/cd/2393ca9e3e5ecf2f126a9a4ac8cf406a12243f	351
.git/objects/cd/457dc7264ad758fb6c617392bb91330737ce08	251
.git/objects/cd/460387fd21b900e41b482e3fce6a0aaebcdf08	5419
.git/objects/cd/535d7501695d19ac6e3cfe6c7f560ff2d50a4a	2325
.git/objects/cd/6da3cf41738999e77a3cf457a788afff84ba5a	5152
.git/objects/cd/70b532a3a2e56b760560d7fe32d39519cb22e0	420
.git/objects/cd/82f2eac3062ba820c07ac6312981d7aa725dbe	1056
.git/objects/cd/856ccf00f43e894746961721263fe5a422c498	234
.git/objects/cd/bb1ae3cb14e8049ad46373000070bad0c2fc64	1751
.git/objects/cd/e02455dda73800bfec997a355388f4f28eb0ac	6399
.git/objects/cd/ed08e6e9a206377228c7ae84566c15854347a0	13873
.git/objects/ce/613aaa9ade26c1afd217d29c1fcdedfae25f7a	3424
.git/objects/ce/86f979230bcbfc3589858632fc67dcb3e04f2c	250
.git/objects/ce/89efdfb289eb9ad0675445ce2a629cff270f3c	1714
.git/objects/ce/8a6b861a753343d1b031455765e0daa50a3819	1053
.git/objects/ce/a5c3fb9bc93b47179d05e2fd7096c4e3d86845	6407
.git/objects/ce/c602c4be1f95e50b04e71867eae0b3a3ab0caf	420
.git/objects/ce/cb491fc90d4d8b37b5147d99fb7c99ad626b58	275
.git/objects/cf/058c2391095abd04f161702c6a877bf93c426e	1146
.git/objects/cf/0b64b04cb808b2c1333b58aa6bd7b114975b62	1144
.git/objects/cf/31fb0e07105ed5f749fdb234ad3acd567069ff	3214
.git/objects/cf/46e466f4cb8bacbe1e0f046423ecd498a490fd	6540
.git/objects/cf/5380936d41a3c1fda23022b9eb516b36d22c52	120
.git/objects/cf/5cc2e0289b4e712897dbf1ff4c345746eb1f1d	5135
.git/objects/cf/5e690546c6142659ad68bcce18af4f9c07963f	5154
.git/objects/d0/03d5bfe49865ae45ff99a9e6cb259bc7a1e8ef	622
.git/objects/d0/80b419f6662499fede1d068362e05e40e5ce68	2569
.git/objects/d0/830f790d22a9de93baa6f2a1a3cb360ee5c825	1754
.git/objects/d0/cb7013f7afd19257a4d16a87c4565074ae3fd7	2441
.git/objects/d0/fb42652b364a9fb8b225d88207451dcc191f55	581
.git/objects/d0/fef106b1b26c04e037011b1935ac0ca75ca9a1	119
.git/objects/d1/170933a18516f1e89c74722ae2e37d3461ea8f	2222
.git/objects/d1/2117120a185b125cc50ca7104ce385b13c9383	55
.git/objects/d1/9ebf1a210113fd2b1d00ce2e45e089f2d35463	1752
.git/objects/d1/a815a9c39ff22acf51d5a36e6ad4cd84679608	1712
.git/objects/d2/154895f3a4f899c58d669e26c53c0729b004e0	298
.git/objects/d2/2980be5b76bc8d211543a350397be4eb883095	250
.git/objects/d2/5307086dff808596769653aa156ed09fd36730	183
.git/objects/d2/6fff9e556c64e5840133173c209f516b78d04e	56
.git/objects/d2/b568b12677583b57a883203cc6c342a7ff9e4c	120
.git/objects/d2/fae2013bcf61bbb9c67f25f8b575504001f3f7	1745
.git/objects/d3/4eba776e786578e6584465a7a01c3816dabbf3	1711
.git/objects/d3/ad221812ff0d0efe640c44a48bee18105b8d8c	12390
.git/objects/d3/b699ef290929c5cc2101dd48021b3e812c32b3	502
.git/objects/d4/42de498c143e4c9af1a98037e2ae498ffed152	13945
.git/objects/d4/5e27fd8369e481cd3c8b54aeaa1e9ecd68594d	4398
.git/objects/d4/cdd046f354e79968b46fd494641aec484207dd	176
.git/objects/d4/e4d8d5c4c74f9ffcee512e1f9436047ab189ce	1283
.git/objects/d5/045750a1828406041da8b857046e80ba3ad7c6	9879
.git/objects/d5/0c56a6e1a791ef9180f20953eb6fa838ad2f05	3415
.git/objects/d5/50fcd77856549b17412f8a7aa1b6f0e49c8200	883
.git/objects/d5/7c6757831686d4bb1a121ceae2fec376b68b76	1119
.git/objects/d5/8034e32af9b31d3cad0ef949bb78b53b39c0cc	939
.git/objects/d5/93833a9c7b8717d5db4a1ebeda11ffc7965b90	290
.git/objects/d5/b519e712d2a531a54129a90f2313455289b575	6444
.git/objects/d6/4ca2e4d5c7b9ef0c244aebf8b8836d2104f79f	720
.git/objects/d6/678e12eef5c1c169bde2ea755a720d617291d4	977
.git/objects/d6/7b81b7c9fb5b6261c373e91100136196f7fe1e	12024
.git/objects/d6/83d0b9a1647b2a62204b77d0a54a8b1581fd1e	27331
.git/objects/d6/8f122847eacad6868b4881532b5e7dcfb646ee	9790
.git/objects/d6/ad8f5df14412331cdc40fea7a2120d81e26712	1641
.git/objects/d6/b9166c4d2e100346b4c3f64bd7731705241a7d	179
.git/objects/d6/baa5203997d55ce731962fec7cb6a9fc09b77c	1426
.git/objects/d7/382009fb3042df61b980177958f5750a8d8df5	7609
.git/objects/d7/568a4e86203f7004a9556a0fe45b70395e9090	3962
.git/objects/d7/7d9a45e1010164aa5c00d5c579efe794e4b15d	495
.git/objects/d7/917198c3631b30a6b83231ef70a8571926be6c	11441
.git/objects/d7/af32d852aea1b5a65657c400de716b214db371	1714
.git/objects/d7/f64f27708ce5951efa89084cdf52a6d21268db	223
.git/objects/d8/1e761cf6401329c412af173d0eb9f9cfba0a70	56
.git/objects/d8/41655442ed5ddf2da71453b1491b8e95425d7d	827
.git/objects/d8/44b1d6f4ab9ec053bef0cfae10c7410a2f9e74	13738
.git/objects/d8/7d16850e0f6ef88d9ad5bdfec89142399f1b71	7193
.git/objects/d8/97a758e9751dbd760a9b669ac46e12bb688ca3	119
.git/objects/d8/ae0a69e96bd1b7cbb9cc4392e744f214919aee	1891
.git/objects/d8/aed414088ad5309c6a71a3b9bc5af671c2abdd	120
.git/objects/d8/ca4b70d5794e92689733399fba670a425e743d	972
.git/objects/d8/f5b0325d77ac2bf8c852cd3a27501923d549f3	1709
.git/objects/d9/114bb5f3bc4eb26eb7ba4e82e22d2b2d5e824a	933
.git/objects/d9/584c6cad8bee61c28c7cf83fc1899f93ed7cd0	1057
.git/objects/d9/750244b74cb9a4421b27e1e7d7d370e501c051	3684
.git/objects/d9/9074f5e622e69354f30b48e9df9949f9703cff	6557
.git/objects/d9/9e3ac4089f5ee36726251c9d2fbc28289bab71	6347
.git/objects/da/b0d2293cee34d976abf86f66297501471c5f27	571
.git/objects/da/b537792d1eb867603f8ce55856a69b19170fee	7823
.git/objects/da/daaaaacd49559acfa8f5ef8cae6dfc467a7697	185
.git/objects/da/f71c6cc2f90b6de938efe32185ef56011358eb	177
.git/objects/db/14cd9349b6182f1a3b4c84d753e56385461c06	19857
.git/objects/db/29102bd824c19ed98aa26dbd1567a3dbff0ef7	7339
.git/objects/db/4ef6f21bee03a15f75203980531946f496acfc	733
.git/objects/db/79dec87563bf1a66cc03b65d808b023e8c77f8	56
.git/objects/db/88556ed5a844a4ee8a68e8480f30f5a2ede9b0	22497
.git/objects/db/a318510c41cc432a3795e6a8ed548158cc6ae5	2938
.git/objects/db/ae4d314d9b8a2001bd3a997f4de73a0786848f	119
.git/objects/db/c276f14f4c7e6f59db9641bae15fbf52e826c0	972
.git/objects/db/c5cfb490108c3c2f039d0e626646573630e06d	3202
.git/objects/db/cd0624aca3d8986b31d0ae9cd42475954ccfc6	237
.git/objects/db/e89af793a5f9b3a5d28383219ff5918412b00b	125
.git/objects/db/ea8405ee05835ef601761e812a0826faaa6c79	305
.git/objects/db/f69d72757813e1c9b4910dfb350a355b3b8174	6221
.git/objects/db/fcb9088d7534da190480e8ef85ee3aafde2684	562
.git/objects/dc/355067b70bd9ed917ee07443b4dede42a9c512	2145
.git/objects/dc/7a3b3cd990313f1a40fcce5b7fcabdb7e2eee7	5011
.git/objects/dc/85918a93143d8a2b9eed1ef50c59b7e55f5988	3488
.git/objects/dc/99bc01ff2c7441f746f9bdb63f260bf7372b24	56
.git/objects/dc/d71500eeb1e297dabbe4e1b9fb029cc796192b	1468
.git/objects/dc/da7ae5ba37fc4d177e99f4b2d0c42f8fd26dc3	13464
.git/objects/dd/2cf554aa78e3ae3279c9367c637c083de0464d	1057
.git/objects/dd/4459cf5636f1b83ea96e83dc6150089ccbd09c	429
.git/objects/dd/4d57ece6136383b998dd48fe595ad3bdccee47	55
.git/objects/dd/503f30983bca4a53ce4b7c5e58862c7431c5fe	761
.git/objects/dd/61f4eb8fc2f55b52f814011cb872cd3a328a64	250
.git/objects/dd/7a9f918982e4b8c8bcb94ecb96f2aa88c42568	4307
.git/objects/dd/bdef14c92e34c5d15ca40d388e7af7cb1344b1	884
.git/objects/de/0fbcaab7f1fa17dbbd8a55857b9f7c0317af53	594
.git/objects/de/17c121e515a4d3e5378fc69d8ec31da81ca99f	3394
.git/objects/de/19c196b824d6e6351d834e86132132606abccf	120
.git/objects/de/6c0a1102f230ca4dc576b0df98c08dc9ef0918	337
.git/objects/de/782996093ff579e550c9c9b081de3b2d42f2bf	3187
.git/objects/de/de2daca5a1d28e3977c25f7188e7ce7b5a1fda	419
.git/objects/de/edcbe4b75662733aae9f66252fef42278abc70	6182
.git/objects/df/16928cd0947766a4c2a02dc17613977ac8f755	493
.git/objects/df/2cbfce8d4e0a6c622bcbaa439f594d6915de5f	393
.git/objects/df/50f115292ab8482465341d67baa068bc5c7da1	14270
.git/objects/df/5aaa12a01ea14e0fc2a85f2cfbf9576314cffd	2226
.git/objects/df/69bfe197197efef4c8b30c952790aa1ab5b698	55
.git/objects/df/798ac93271c7628959117da429558d576e5021	244
.git/objects/df/86d4b9b82a32071b10b0caf954806a4f604e57	16773
.git/objects/df/8dea97b6ffcd108798777c599790f477ff3218	913
.git/objects/e0/131f658c1427eb296aa2842ebe2bc5a7c91b46	915
.git/objects/e0/8d84eb0121b8c1333106aec11ed5f443ee94e9	8153
.git/objects/e0/a730a35a802968290f52fe453a8d00fd01c0cf	382
.git/objects/e0/b7e642a2ca4b5556a635eed990e1959bf25813	1920
.git/objects/e1/0c7862d141c052647d2cc085d607de02f596c7	830
.git/objects/e1/1e7ce021a4f73664be80340545de887de3ea84	592
.git/objects/e1/405df0d1261390dd1ee082411981037b4c9ef7	1144
.git/objects/e1/5c3ff2cccea0f4f4bb86aaf7b1e4587ded83e2	62
.git/objects/e1/6593990571fde62314e7159c78e3e75a9bad6e	336
.git/objects/e1/a309d475912b44d94719e6c3190104ea4caae6	379
.git/objects/e1/a7bcfe0649eb62fde032691aaa3595b22cdf23	844
.git/objects/e1/b10ac6298acde130f0391f80933deec4028bfe	11409
.git/objects/e2/1e989c952e746345c8aeaeec9d1c243c7e70cb	55
.git/objects/e2/3b169183883a656887c73657c8b6c5437b143f	18358
.git/objects/e2/461321f48eb1ae011683111e9607622c34485b	182
.git/objects/e2/4a739a9dfbc2308bfd9b057bc29ac2a301f65e	9825
.git/objects/e2/7c7754b69fe87fcfbdeb74ca1ba645f124e79a	593
.git/objects/e2/90927ff648843b7cbed1b0a7c1b34b3f815d74	402
.git/objects/e2/9ed2c4dd33bc2188a19c1511db39d770b170fe	601
.git/objects/e2/d282d818d41bf3f18e833417983f9055ad1a53	595
.git/objects/e3/2bf6dba49c1d5353264f49e282f4b93b72d0c2	56
.git/objects/e3/30d27f698433b3c66196f8d1b882ef822a2779	18851
.git/objects/e3/37f0668c15ea5d0ae281e2d34107f035a049d5	5425
.git/objects/e3/3bcc77066ee9bc22032ed772125427c53f606f	14406
.git/objects/e3/b3825d0afd9ff8329598bcd0632d120ae870f4	3625
.git/objects/e3/c3fc40b19de7a3bd24dfb11d906b438669983c	250
.git/objects/e4/0b047bab42f73a5b3adb25ecb1c70ba29b7b88	2211
.git/objects/e4/1b51ca788bc407ef904212957d9b8d43c02456	1473
.git/objects/e4/3c3a17977809dbd74146ddfe87910f0f29572d	560
.git/objects/e4/818187bbb7ec9234e86b69d6a104819b77f31a	2271
.git/objects/e4/b23dc1e843b044976a4e27eb809e8bb80b17f1	5658
.git/objects/e4/e1f01372f26e634c967b8e44d283ef54961c13	9825
.git/objects/e4/ee7a2067c1652c0391c49ca70f6beb144e9e1a	2224
.git/objects/e5/2123b60f9b78b20688de4b2fb2fcb3a9eb177f	350
.git/objects/e5/27311bffe12f503633c0937dcb75abc1f8c36f	14952
.git/objects/e5/4790c815f0a287755274d53215f2b6c6a4ede5	351
.git/objects/e5/622e12ae394e7c8176dc2722f7d7d98967d103	56
.git/objects/e5/7cb48d5b8356fc82b8d4c6f64b8aea19a9db8f	2255
.git/objects/e5/9d24d3bd683833e185aa41677ec0048736b74d	119
.git/objects/e5/9e8c54f50f4c7cda0543a748a8bcfc0030d2c2	181
.git/objects/e5/ce90c823feb6430941de08fbdcc4d310070b02	22844
.git/objects/e5/f510cfd2b4740f8dbb39b7b452d3ef9209d1a9	2846
.git/objects/e6/08fb69d005494627652dfaba693b3357b72ade	1914
.git/objects/e6/1b1fe7f1bca236c82922ee9bc549f46a4aac0e	1975
.git/objects/e6/3efe7bca51f4c1829c51f54df02e2a98e396c9	428
.git/objects/e6/506fe6fd27a7432f2f1eb794676a9417fbf390	767
.git/objects/e6/56c09ac2dbc9a0883eee0c8406e50e5a2233ef	12182
.git/objects/e6/de79c19b8dec17f289f18df3ec4198c4f834d2	251
.git/objects/e6/e99077ea5bccfdc45b34ed3da63e9d50b07895	6130
.git/objects/e6/fd5f610ff28c1ead41c2ccca6fc2a79615fe25	10683
.git/objects/e7/1140d257fa68f3e23bb0a1a96b7b2a1d0c7463	53369
.git/objects/e7/2bbb0e56f53becae60f36e0ccc8c31e45842b4	1641
.git/objects/e7/7d3af77af0222c4ce36cf23ef0d11668f6d97e	698
.git/objects/e7/d54e9d6666680b56862b66a2c08884205ce6d6	25493
.git/objects/e7/fd7d20354dfe78651c6f86d7e575ffffda04ff	1834
.git/objects/e8/a85e5bc9f581ac44354a8d3cea14b07dff04f9	262
.git/objects/e8/e3bbf28b721effd7247c1edacfee315d986899	12830
.git/objects/e8/f7fb93af20bb6902c1c305493f3f22001fd76b	964
.git/objects/e9/01444c413286d9e924678511b2a57e09881e31	3489
.git/objects/e9/03c1530d6ccd9f7cd7d3c31cd3b58a5041423c	781
.git/objects/e9/2518c86ea28a2b7c8758ac58d51bf6e52ae718	7204
.git/objects/e9/59f9240f0f08544394f39ceb477637b806662b	1902
.git/objects/e9/7229bffab534ce6442274fcb2be5bbee8bb2cf	572
.git/objects/e9/9de1fedd527a31b5f424377bcfd913f9585af2	130
.git/objects/e9/aef6086d71aec532a4bc492789d14857ab39ec	56
.git/objects/e9/b9bd4366c74d4826d60264cf0dea43468f77b8	978
.git/objects/e9/f930cdefe0ce33ca36527772e3df2e093bee57	6734
.git/objects/ea/03c1da25061a84163707fbd339fc1155d6e55c	3819
.git/objects/ea/0f67703b3f46570c61308334c954133b9b63a0	224
.git/objects/ea/74de908edf2d965ad012865aa8509a9f3039e5	883
.git/objects/ea/9be07a56cc3bda7f37ae9a0d7971619ff41759	1222
.git/objects/ea/b875ee66e8c36452d124c6faa7cc06a9b9a898	913
.git/objects/ea/e092a15b0a75007cd4a5e2ca2784fdb47997f3	349
.git/objects/ea/eb84567dbf2dc602183ba51a834e462709ee5a	593
.git/objects/eb/3be8e8ec49153deac41fe9325dd90200d18622	21617
.git/objects/eb/56a69d571354e6d388a89e82c1581018205cac	4797
.git/objects/eb/b63e831e9d07265dbadc492df29a8ecb3c1285	256
.git/objects/eb/b74f92e6f7742ea548682faccc81c2a81cf351	11151
.git/objects/eb/f0179ae38f260cd7f582663aa7fca66bdcf38a	21394
.git/objects/eb/fb00e37322c09252cb065e1e4511c83c90657e	1752
.git/objects/ec/0dc9c2aa93093ce45bdee676f5fe31595189f8	14998
.git/objects/ec/6b0728cd8e2616a0bb2a8205acbd0cce2b36a1	56
.git/objects/ec/b5b0b9fc364675cbb621ee38433d53d3a48f01	593
.git/objects/ec/b8746affed541ecaf19b04ed5b4865f932800f	1999
.git/objects/ec/de2f174b81a73e9e236aa4dfa89957020ed288	237
.git/objects/ed/3be9aaab5dc9022ee7b87c9c7b02880aa978a1	3989
.git/objects/ed/419ed98f8aa0744a34697478c1ac77238b63fa	932
.git/objects/ed/48a7b7c9ff1f721c1b1be101548ff593c7fb34	1222
.git/objects/ed/91b790f21d354a48f1597a202cec3a9853f726	43780
.git/objects/ed/9fe2e22c2c1acd762bb7eb281c60e24e5ea70f	2907
.git/objects/ed/c6f861bed41c8e21af9068a4b7ac302e077db9	1033
.git/objects/ed/c8548c15be5b6f6b512d78079a850c6c2eae58	59
.git/objects/ed/d01cfca3c7edba2cca5cb80259e2fd4fbd5f9a	177
.git/objects/ee/17bba1ecc26ed1ce17657f4c116e62aa54e4a8	1751
.git/objects/ee/3e1a3f202474ffcc8611efa63d5a0f32d648ca	2368
.git/objects/ee/8727abd15681f0a1303909f3467ac913c11437	56
.git/objects/ee/8baa3bec901b655a20e72673296b391e998386	56
.git/objects/ee/cb70f0142d4a32deef4fc108dbfc58dfcf8bd4	173
.git/objects/ee/dc7c9bda1007f6014aa592da8346063ec6d8d2	223
.git/objects/ee/df49365d68da6a9f982729df7fcd1d788a9bd8	535
.git/objects/ef/215c310d32975db628d970af0ddcba13b7b3bb	671
.git/objects/ef/29f15c4f7ce79b6d9d6ae96e8a991b2854baf4	1269
.git/objects/ef/317535d82b906b79b1a65e3f5de1910f26cbd2	2068058
.git/objects/ef/6ef4d1ea3aa2ba6475a311b85e1a5a39ebc1d3	56
.git/objects/ef/9288a337cd1d891112b400a116caecf834f799	558
.git/objects/ef/991661cc0030018eafcfd6adb846d71bbeb8d4	6419
.git/objects/ef/ac9322fb4a54c9b476debd974fa8cbe7b04a15	914
.git/objects/ef/e867186a94f6c642261f9e67da279cec2e9d64	1777
.git/objects/ef/e8fdd984b981f5c2561c25fef3f8f14776ca2d	1321
.git/objects/ef/f1c0b7b194130c220b1005e225069571799672	2191
.git/objects/f0/2017875e1c2105b764d529a13a91a9b6d87f25	6024
.git/objects/f0/4fa301c09099fe34595c4c3cd20c85375cdc19	1612
.git/objects/f0/52d6f9542ee52cbc5cb94326260d342f3512f9	2186
.git/objects/f0/578ef84ba5da0a4a0eeaee9a2e3f7f1248e295	250
.git/objects/f0/85c076c31a3e441f96e66d4feb17fe0b7769d9	2241
.git/objects/f0/e12ba442e2546f347a8fc8696c84c246b4f8c1	1747
.git/objects/f1/12a35b2fe0f907b51b4a7999f7f46d7827c241	1743
.git/objects/f1/613da7b6a1299e29cf33ace31fe26a5797caae	45930
.git/objects/f1/68c4b9539d7db1ce61310524d6516274ba25fe	1751
.git/objects/f1/a19beebf73c0011a42826ae2eb1c9c875e1aac	895
.git/objects/f1/b9565e46ff2f64fa9d6415b1d37f381425aa03	6003
.git/objects/f1/c3ed8f75bd5c0c8f1ff911a9f2dbe7a1f181b8	333
.git/objects/f1/e82ff5b6e062dd930b9e72a9a65a1ea31550f7	185
.git/objects/f2/3764762cbfe8de6ed1d8ae23c2294a31894ddd	9714
.git/objects/f2/40857183b248718814014b340f9b50b15900be	1993
.git/objects/f2/49316b4164c0320691d1e5cd49b3bda3bebe58	495
.git/objects/f2/5c937d03667cfe96fe695aadfbfe766c398771	335
.git/objects/f2/6f06bef1a29e66708ea95add014c3d3a6e8b31	905
.git/objects/f2/799cef75757819a9ed262147c79b916fe4e899	420
.git/objects/f2/8e0bf8e65b47f69f297da79deda0fd25db1364	5108
.git/objects/f2/dfc460d5239d53b8eb2358418a01c670e587cd	19618
.git/objects/f2/e4675db2a164600618795e5715a60b220047d6	977
.git/objects/f2/efe3cde57147f8ccafc6d03445c2ba58a69d3c	804
.git/objects/f3/22fe66d43bc0dfae22170224daecad74f4fe35	22633
.git/objects/f3/2539edfb31bc85e7731f593fbb7062dd75549e	379
.git/objects/f3/346c87a5ec3a6f66228ea307cb2d91df59bc19	5464
.git/objects/f3/73c6a17c56b4446661fdac5d54c57c6d059390	1749
.git/objects/f3/79bc654c1fdca591388d3d4fdb9498b27c66cb	278
.git/objects/f3/cfd5f27744864c7b56222c69e361a593913543	1716
.git/objects/f3/d3f782acc531a7f740d27e33fd4ba581237fe9	11062
.git/objects/f4/0f2f4f522d1e593ccdf57030ab0c7af41fa56a	7248
.git/objects/f4/264f4ee7aa57480e3ae68dc5bbbf8815b2aea6	1573
.git/objects/f4/295f1b6d1d19a25aa1d2546c7d47df24627bc0	545
.git/objects/f4/64582c1426647fd45790ca25d7402192380df9	11674
.git/objects/f4/8bf118ecf6fc101f841073b0a37b0b0c676417	7056
.git/objects/f4/8c660abc11b8f0c9b5fe19f33da7d6471d098f	767
.git/objects/f4/ad35323f7bdfe7130546ba4c1818cffe1efd43	141
.git/objects/f4/d693d3cd2fe0c9daf42c7cf112b67b02e4f976	125
.git/objects/f4/d92f4ecc1fc75529fe02057d97c114f361d32f	6768
.git/objects/f4/db840f37eb1c0e94ad045f4547072c3d61be3f	408
.git/objects/f4/eec9d0552f651acbfdbba9ae28e34328562a00	610
.git/objects/f4/f8f10d82d44a0b303327f004e51139b457dc1e	12907
.git/objects/f5/104a76adfaa660490cfae272d98de499788660	1709
.git/objects/f5/601d398cc4b8b7a98f122b830fee672f75d338	883
.git/objects/f5/842b95f3548d6cc911ba2ab5e8a922a1b92741	56
.git/objects/f5/9e48e6a054f5472a1f33792c74512e7ba38c8e	9718
.git/objects/f5/af25210ff16f2124df80e95d93545773d1b79a	1636
.git/objects/f5/cfbcea5b371fae28d61fb8ddcc29646bfc394d	14217
.git/objects/f5/f12a6ae16c9a57b5ec3ed0804a2b9f372e6f57	322202
.git/objects/f6/2af508702aa101e0d7b8f7411e7963c53d3825	2406
.git/objects/f6/54d39a74c85cb82775d97a6c6d309ed11b0b10	2735
.git/objects/f6/c236c7b733b3675fb8964244b97d4d74e57899	3776
.git/objects/f6/fafe4096e61483a6400b46003d46c91dc97267	56
.git/objects/f7/867449b579fc07391d7115d5a29f00f03d5800	291
.git/objects/f7/8874c8a837708ccac04caacc3c8cd9df46c2fe	2934
.git/objects/f7/abf772fd9601cf378e1cad394a4bb7167a0e3b	1569
.git/objects/f7/c9c226c28172e4a93f269888ba9333e8882e8f	1675
.git/objects/f7/e1c0676357337aa4621ab0dedb2f217957f41f	6171
.git/objects/f8/1d8849fad8661d2a17c7f3a9987d6ac9271bd8	2233
.git/objects/f8/1f01706f17c9e1a66851e6c6689b60a8a1c340	883
.git/objects/f8/45576dcc96818c175d21f6db7e17ab67f05f71	885
.git/objects/f8/701a12f8c13b5e5de6847a33fe5480cc04efdc	1712
.git/objects/f8/7b1161bc1d0a1c11b3ef9cb171f6cb1615b873	333
.git/objects/f8/7ea4bf9954f8c0b7197afa2f92fbfd4e946573	425
.git/objects/f8/a07000288cde8e5704e31b5a04d78f94255720	420
.git/objects/f8/b6f860200cf822b94f03f689d971c0e7513c72	38892
.git/objects/f8/c90895ed8243ac6cdac3b5c4a8e5c3b25c62bc	182
.git/objects/f8/f89b6304e25b25d0a7f785cad5c1979ffa509e	237
.git/objects/f9/135489e83f7e816e4f246d15427c23bf16991c	11820
.git/objects/f9/1cc80963633de64efacdc60c87088d3b851619	767
.git/objects/f9/1d10eb5d248e493acc7ea521d2275420ae6d7c	302
.git/objects/f9/7d6147e245f5cc945d1d0fb909e908099fdc2a	12924
.git/objects/f9/81b4aea67056289c581e0d83d2349d995c4b49	433
.git/objects/f9/b655589496ea54a8b2b9f36ef7b30a5a3dc1c0	1749
.git/objects/f9/cefe59f6e4d313f32927adca9b019927b95c5d	882
.git/objects/f9/f7c840ae1dc073146f1f749064cc5d65ff9868	978
.git/objects/fa/25eb61215f59c2cb13279a43c92a4d6e393e8d	7785
.git/objects/fa/3bd2ec19e4b43606206e523e9c23e26a77f0b5	5442
.git/objects/fa/3d3137b6a64605c79c889deee7ea17fe9470e4	177
.git/objects/fa/666904c4800e73558e2c6532b2bb20ac91f7a1	883
.git/objects/fa/6b99105a31f24f745eacc8f842127757fafd6d	1055
.git/objects/fa/7ae949e3e1418c369984b2a07cb0e545fe8a44	12561
.git/objects/fa/ca5934f166ee1883cbff667b515c7a6c957bde	432
.git/objects/fb/0805089d53c43e27efa9f59e17590fb4ea4f41	5759135
.git/objects/fb/193a0e48ba7fdc819778bfb9fa0bf5e731bde6	627
.git/objects/fb/7c96a6ca8706dcb7f647ad4fade85a62e10f37	1626
.git/objects/fb/83eaf2369d95c72a942659f0c2c1bb721e8cdb	977
.git/objects/fb/c9295edc89da05d921114afe8ea11613244423	44
.git/objects/fb/d2860e1c3a3017f99ec430410e4da886f12123	337
.git/objects/fc/0946cade727226b40f861a775d7ceb74316595	249
.git/objects/fc/13e91f8bad1ba6f64464dfdefd15c63261f4a2	1050
.git/objects/fc/21297312e97558ac5cc6fe898e148216a40736	182
.git/objects/fc/2434073cfd7161937fd1ee8c8b31170f37c590	1713
.git/objects/fc/3182ee2274507233bbcc784fba1ac0dd37e2f8	1579
.git/objects/fc/462393182f57e07f94ff2c924f11b3015680ae	6171
.git/objects/fc/46806fa312b9aaa60ffed4581a5339e641ece1	18552
.git/objects/fc/554a39e342a85a09327d837aed1a22b268fa96	6313
.git/objects/fc/6d1a946bbf0718008f8574ea6fa27815320bb5	186
.git/objects/fc/857cb88535a02c779bfc106c5cf5d1312a14ad	2960
.git/objects/fc/acc721f06ccb5804227a8e4f5e47a8bf819495	2664
.git/objects/fc/c54313da5b4bd5ad5422b40f07a62f5d5a6b10	1710
.git/objects/fc/d9a637c1a9e37c042f8730b3898b7d8d719fed	55
.git/objects/fc/e199b441a9673f6a38a25f8d4d0b938b364629	13905
.git/objects/fd/37340948ebe73776b9bc17d7ad9bf6dc36660f	1051
.git/objects/fd/3b94590477960179ab698f1b71e50a3f2980b3	5415
.git/objects/fd/688eb1f4c8b4043c3499b4b762c474c1336890	882
.git/objects/fd/6ba10b7780d53a177ddfdbdb015d9256cb3804	59
.git/objects/fd/81b46e869ff56236e4a4996a121b4cd00ce238	1786
.git/objects/fd/8d0a2a1e6f8d691d0d54617cc32a151b40e0c8	1626
.git/objects/fd/b6b2d019df7d11ec47b18d6d1fbc38acc7dcc9	37865
.git/objects/fe/0ec15dffe05b09c5528b2af54345f4b5fa7009	56
.git/objects/fe/3d1b37657a6e3c4cc4ac4f757f2aea6a57d5e2	1057
.git/objects/fe/3ed0a904f917081a73585f39dc760ca3b7db87	1941
.git/objects/fe/40808f8a94b55e1f32ef499406816921633163	194
.git/objects/fe/9b3e96341703991d53e1429765ea7d727fb47c	224
.git/objects/fe/aa7d96cd696aec75fda7cbbc837d21284a5c3f	665
.git/objects/fe/d2b79e9e27f91bf4185d19b7ed2093e9a9a889	261
.git/objects/fe/d4de2b1739a5d3fb43db420d410699a8e8816f	809
.git/objects/ff/3a6152559be3563f573b69e5f69ddaad74ba2e	833
.git/objects/ff/5d18b756abda4c235d608668f0591fe80a5fc9	6353
.git/objects/ff/89af1a1804d6a673e443ed44ce9c8cddb3cd0a	299
.git/objects/ff/968e710a27c929da5910ae7699b232d538bdf7	1996
.git/objects/ff/b219d7dcd8ea8e02478e9cc41386901f41cd4e	262
.git/objects/pack/pack-587eef629e9ce82f84d0524212d2c1b9e7f2b79b.idx	7456
.git/objects/pack/pack-587eef629e9ce82f84d0524212d2c1b9e7f2b79b.pack	526729
.git/objects/pack/pack-587eef629e9ce82f84d0524212d2c1b9e7f2b79b.rev	964
.git/refs/heads/backup/before-secret-cleanup	41
.git/refs/heads/exp/b78818f_run	41
.git/refs/heads/master	41
.git/refs/heads/v2_fixes_20260604	41
.git/refs/original/refs/heads/master	41
.git/refs/remotes/origin/master	41
.git/refs/remotes/origin/v2_fixes_20260604	41
.git/refs/stash	41
.git/refs/tags/fixed-perev-base	41
.gitignore	377
CLAUDE.md	6189
EXPERIMENTS_CATALOG.md	36766
MINIMAL_REPRODUCTION_FILE_MANIFEST.tsv	0
README.md	38323
STALE/STALE/.claude/settings.local.json	180
STALE/STALE/.env	1340
STALE/STALE/.env.example	1137
STALE/STALE/.gitignore	473
STALE/STALE/Evaluation/__init__.py	45
STALE/STALE/Evaluation/full_eval_performance.py	14422
STALE/STALE/Evaluation/judge_prompts.py	3262
STALE/STALE/Evaluation/judge_prompts_backup_lenient_all.py	3262
STALE/STALE/Evaluation/judge_prompts_original.py	2102
STALE/STALE/Evaluation/judge_prompts_original_backup.py	3262
STALE/STALE/Evaluation/judge_prompts_patch2_backup.py	3262
STALE/STALE/Evaluation/judge_prompts_patch_backup.py	3262
STALE/STALE/Evaluation/judge_prompts_strict.py	3262
STALE/STALE/Evaluation/judge_prompts_strict_backup.py	3262
STALE/STALE/Evaluation/judge_prompts_strict_bak3.py	3262
STALE/STALE/Evaluation/judge_prompts_strict_bak_gpt4omini.py	3262
STALE/STALE/Evaluation/judge_prompts_swap_backup.py	3262
STALE/STALE/Evaluation/judge_prompts_swap_backup2.py	3262
STALE/STALE/Evaluation/run_target_model.py	17020
STALE/STALE/Generation/IC_gen_config.py	1591
STALE/STALE/Generation/Step0_gen_funcs.py	21181
STALE/STALE/Generation/Step1_qagen_eval_funcs.py	4769
STALE/STALE/Generation/Step2_info2session_funcs.py	8472
STALE/STALE/Generation/Step3_ICdatasetgen.py	25206
STALE/STALE/Generation/StepALL_IC_gen.py	10723
STALE/STALE/Generation/__init__.py	65
STALE/STALE/Generation/clients.py	1257
STALE/STALE/LICENSE	1069
STALE/STALE/README.md	5606
STALE/STALE/data/ontology_seeds.json	9245
STALE/STALE/data/ontology_seeds_demo5.json	461
STALE/STALE/outputs/STALE_MAIN.json	305968212
STALE/STALE/outputs/locomo10.json	2805274
STALE/STALE/outputs/locomo_recast.json	2119707
STALE/STALE/requirements.txt	35
__init__.py	535
assets/provisional_fairattr_changes.pdf	29877
assets/provisional_fairattr_changes.png	113932
assets/provisional_fused_heatmap.pdf	55295
assets/provisional_fused_heatmap.png	180365
assets/provisional_fused_t1_t2_all.pdf	39189
assets/provisional_fused_t1_t2_all.png	178591
assets/recast_vs_cupmem.png	67894
codex_fairness_audit/FAIR_ATTRIBUTION_RERUN_REPORT.md	5257
codex_fairness_audit/README.md	2677
codex_fairness_audit/audit_existing_results.py	8667
codex_fairness_audit/build_memgpt_trace_report.py	3732
codex_fairness_audit/deepseek_client.py	6034
codex_fairness_audit/deepseek_client.py.official_bak	5606
codex_fairness_audit/existing_result_audit.json	57596
codex_fairness_audit/letta_agents_router.py	108446
codex_fairness_audit/letta_agents_router.py.official_bak	108107
codex_fairness_audit/letta_connectivity_smoke.py	1347
codex_fairness_audit/letta_smoke_agent.json	1183
codex_fairness_audit/letta_smoke_passage.json	155
codex_fairness_audit/local_embedding_server.py	2326
codex_fairness_audit/run_fair_attribution_gpt4omini.py	8952
codex_fairness_audit/run_fair_attribution_rerun.py	18305
codex_fairness_audit/run_memgpt_stale_smoke.py	9436
codex_fairness_audit/score_stale_rubric.sh	1111
codex_fairness_audit/snapshots/pre_autonomous_diffstat_20260708.txt	230
codex_fairness_audit/snapshots/pre_autonomous_status_20260708.txt	572
codex_fairness_audit/snapshots/pre_autonomous_tracked_diff_20260708.patch	22608
core/__init__.py	0
core/config.py	768
core/engine.py	86
core/engine_utils.py	15928
core/new_config.py	298
core/sample_runner.py	12407
core/temporal.py	2861
core/types.py	591
data/README.md	88
llm_layer/__init__.py	163
llm_layer/client.py	21370
llm_layer/responses_adapter.py	16827
memory/__init__.py	72
memory/models.py	11893
memory/new_models.py	2360
memory/schema.py	7782
models/README.md	82
models/all-MiniLM-L6-v2/config.json	611
models/all-MiniLM-L6-v2/model.safetensors	90864192
models/all-MiniLM-L6-v2/special_tokens_map.json	695
models/all-MiniLM-L6-v2/tokenizer.json	711661
models/all-MiniLM-L6-v2/tokenizer_config.json	1464
models/all-MiniLM-L6-v2/vocab.txt	231508
new_pipeline.py	2934
paths.py	1730
pipeline.py	2933
prompt_lib/__init__.py	75
prompt_lib/new_templates.py	33206
prompt_lib/templates.py	31478
query/README.md	1278
query/__init__.py	0
query/action_grounding.py	16041
query/basis_recovery.py	114
query/basis_recovery_impl.py	31098
query/engine.py	9401
query/new_engine.py	15130
query/premise_verifier.py	25825
query/readout.py	30805
query/retrieval.py	3391
query/support.py	34236
query/track_hints.py	18173
retrieval/__init__.py	0
retrieval/embedding.py	3530
run_cup_mem.py	10063
run_new_mem.py	17581
scripts/abductive_batch_exp.py	15071
scripts/abductive_exp.py	8619
scripts/abductive_exp3_qwen.py	11534
scripts/abductive_exp_all.py	14160
scripts/analyze_variance.py	3701
scripts/auto_score_variance.sh	4494
scripts/budget_plan_adaptive_supervisor.sh	4531
scripts/budget_plan_answer_sanity_watch.sh	1618
scripts/budget_plan_autoscore.sh	3228
scripts/budget_plan_comprehensive_monitor.sh	3496
scripts/budget_plan_cross_autoscore.sh	2688
scripts/budget_plan_cross_backbone_queue.sh	6606
scripts/budget_plan_five_minute_supervisor.sh	3864
scripts/budget_plan_resource_watchdog.sh	1874
scripts/budget_plan_variance_overnight_queue.sh	5496
scripts/claude-official.sh	273
scripts/exp_b_answer_prompt.py	5474
scripts/exp_current_state_anchors.py	9987
scripts/gen_400_failure_analysis.py	20188
scripts/gen_807dee0_analysis.py	31684
scripts/gen_trace_doc.py	18622
scripts/isolated_judgment_probe.py	3824
scripts/isolated_judgment_probe_full.py	5045
scripts/lightmem_stale_one_probe.py	7845
scripts/mem_watchdog.sh	1371
scripts/module_experiments.py	52859
scripts/module_experiments_sup.py	10817
scripts/pool_synthesis_temperature_sweep.py	3142
scripts/pool_synthesis_temperature_sweep_v2.py	6557
scripts/precise_failure_analysis.py	14479
scripts/prepare_locomo.py	4534
scripts/prepare_longmemeval.py	3503
scripts/query_only_naive_answer.py	11306
scripts/query_only_new_hyp_prompt.py	11050
scripts/query_only_no_query_hyp.py	10933
scripts/query_only_runner.py	12289
scripts/qwen_direct_one.sh	868
scripts/replay_bugfix_t2.py	18368
scripts/replay_from_trace.py	23337
scripts/resume_error_watchdog.sh	1657
scripts/run_budget_plan_t15_t15.sh	10780
scripts/run_cross_qwen35plus_10.sh	3183
scripts/run_fix5_qonly.py	5414
scripts/run_recast_task_manager.sh	3993
scripts/run_variance_budget_60.sh	5651
scripts/run_variance_run2_night_manager.sh	3709
scripts/score_locomo.py	6403
scripts/score_longmemeval.py	9002
scripts/test_prompt_variants.py	9320
scripts/trace_failure_analysis.py	19602
scripts/us-sandbox.sh	10706
scripts/us-sandbox.sh.bak-20260726-before-compatibility	8756
scripts/validate_adjudicator.py	8643
scripts/validate_adjudicator_hard.py	21743
scripts/validate_judge.py	9905
scripts/validate_judge_real.py	21384
scripts/variance_budget_60.py	10843
store_layer/__init__.py	162
store_layer/in_memory.py	10291
store_layer/new_store.py	4040
store_layer/temporal_policy.py	233
store_layer/transitions.py	15515
tracing/__init__.py	0
tracing/events.py	210
write/README.md	952
write/__init__.py	0
write/chunker.py	7731
write/delta_extractor.py	14615
write/invalidation_judge.py	7084
write/invalidation_lanes.py	20075
write/invalidation_merge.py	21400
write/invalidation_resolver.py	8678
write/new_writer.py	44261
write/stale_linker.py	8011
write/update_resolver.py	18436
write/writer.py	13377
